S_2011,S_2017,pdf_page,source_line
0111,0111,94,0111 稻谷种植 0111 稻谷种植
0112,0112,94,0112 小麦种植 0112 小麦种植
0113,0113,94,0113 玉米种植 0113 玉米种植
0119,0119,94,0119 其他谷物种植 0119 其他谷物种植
0121,0121,94,0121 豆类种植 0121 豆类种植
0122,0122,94,0122 油料种植 0122 油料种植
0123,0123,94,0123 薯类种植 0123 薯类种植
0131,0131,94,0131 棉花种植 0131 棉花种植
0132,0132,94,0132 麻类种植 0132 麻类种植
0133,0133,94,0133 糖料种植 0133 糖料种植
0134,0134,94,0134 烟草种植 0134 烟草种植
0141,0141,94,0141 蔬菜种植 0141 蔬菜种植
0142,0142,94,0142 食用菌种植 0142 食用菌种植
0143,0143,94,0143 花卉种植 0143 花卉种植
0149,0149,94,0149 其他园艺作物种植 0149 其他园艺作物种植
0151,0151,94,0151 仁果类和核果类水果种植 0151 仁果类和核果类水果种植
0152,0152,94,0152 葡萄种植 0152 葡萄种植
0153,0153,94,0153 柑橘类种植 0153 柑橘类种植
0154,0154,94,0154 香蕉等亚热带水果种植 0154 香蕉等亚热带水果种植
0159,0159,94,0159 其他水果种植 0159 其他水果种植
0161,0161,95,0161 坚果种植 0161 坚果种植
0162,0162,95,0162 含油果种植 0162 含油果种植
0163,0163,95,0163 香料作物种植 0163 香料作物种植
0169,0164,95,0164 茶叶种植 0169 茶及其他饮料作物种植 新增，将原 0169 分解
0169,0169,95,0169 其他饮料作物种植 0169 茶及其他饮料作物种植 新增，将原 0169 分解
0170,0171,95,0171 中草药种植 0170 中药材种植 新增，将原 0170 分解
0170,0179,95,0179 其他中药材种植 0170 中药材种植 新增，将原 0170 分解
0190,0181,95,0181 草种植 0190 其他农业 新增，将原 0190 分解
0519,0182,95,0182 天然草原割草 0519 其他农业服务 新增，原 0519 部分内容调到此
0190,0190,95,0190 其他农业 0190 其他农业 内容变更，原 0190 部分内容调
0211,0211,95,0211 林木育种 0211 林木育种
0212,0212,95,0212 林木育苗 0212 林木育苗
0220,0220,95,0220 造林和更新 0220 造林和更新
0230,0231,95,0231 森林经营和管护 0230 森林经营和管护 新增，将原 0230 分解
0230,0232,95,0232 森林改培 0230 森林经营和管护 新增，将原 0230 分解
0241,0241,95,0241 木材采运 0241 木材采运
0242,0242,95,0242 竹材采运 0242 竹材采运
0251,0251,95,0251 木竹材林产品采集 0251 木竹材林产品采集
0252,0252,95,0252 非木竹材林产品采集 0252 非木竹材林产品采集
0311,0311,95,0311 牛的饲养 0311 牛的饲养
0312,0312,95,0312 马的饲养 0312 马的饲养
0313,0313,96,0313 猪的饲养 0313 猪的饲养
0314,0314,96,0314 羊的饲养 0314 羊的饲养
0315,0315,96,0315 骆驼饲养 0315 骆驼饲养
0319,0319,96,0319 其他牲畜饲养 0319 其他牲畜饲养
0321,0321,96,0321 鸡的饲养 0321 鸡的饲养
0322,0322,96,0322 鸭的饲养 0322 鸭的饲养
0323,0323,96,0323 鹅的饲养 0323 鹅的饲养
0329,0329,96,0329 其他家禽饲养 0329 其他家禽饲养
0330,0330,96,0330 狩猎和捕捉动物 0330 狩猎和捕捉动物
0390,0391,96,0391 兔的饲养 0390 其他畜牧业 新增，将原 0390 分解
0390,0392,96,0392 蜜蜂饲养 0390 其他畜牧业 新增，将原 0390 分解
0390,0399,96,0399 其他未列明畜牧业 0390 其他畜牧业 新增，将原 0390 分解，部分内
0411,0411,96,0411 海水养殖 0411 海水养殖
0412,0412,96,0412 内陆养殖 0412 内陆养殖
0421,0421,96,0421 海水捕捞 0421 海水捕捞
0422,0422,96,0422 内陆捕捞 0422 内陆捕捞
0519,0511,96,0511 种子种苗培育活动 0519 其他农业服务 新增，原 0519 部分内容调到此
0511,0512,96,0512 农业机械活动 0511 农业机械服务 更名
0512,0513,96,0513 灌溉活动 0512 灌溉服务 更名
0513,0514,96,0514 农产品初加工活动 0513 农产品初加工服务 更名
0519,0515,96,0515 农作物病虫害防治活动 0519 其他农业服务 新增，原 0519 部分内容调到此
0519,0519,96,0519 其他农业专业及辅助性活动 0519 其他农业服务 更名，内容变更，原 0519 部分
0521,0521,97,0521 林业有害生物防治活动 0521 林业有害生物防治服务 更名
0522,0522,97,0522 森林防火活动 0522 森林防火服务 更名
0523,0523,97,0523 林产品初级加工活动 0523 林产品初级加工服务 更名
0529,0529,97,0529 其他林业专业及辅助性活动 0529 其他林业服务 更名
0530,0531,97,0531 畜牧良种繁殖活动 0530 畜牧服务业 新增，将原 0530 分解
0530,0532,97,0532 畜禽粪污处理活动 0530 畜牧服务业 新增，将原 0530 分解
0530,0539,97,0539 其他畜牧专业及辅助性活动 0530 畜牧服务业 新增，将原 0530 分解
0540,0541,97,0541 鱼苗及鱼种场活动 0540 渔业服务业 新增，将原 0540 分解
0540,0549,97,0549 其他渔业专业及辅助性活动 0540 渔业服务业 新增，将原 0540 分解
0610,0610,97,0610 烟煤和无烟煤开采洗选 0610 烟煤和无烟煤开采洗选
0620,0620,97,0620 褐煤开采洗选 0620 褐煤开采洗选
0690,0690,97,0690 其他煤炭采选 0690 其他煤炭采选
0710,0711,97,0711 陆地石油开采 0710 石油开采 新增，将原 0710 分解
0710,0712,97,0712 海洋石油开采 0710 石油开采 新增，将原 0710 分解
0720,0721,97,0721 陆地天然气开采 0720 天然气开采 新增，将原 0720 分解
0720,0722,97,0722 海洋天然气及可燃冰开采 0720 天然气开采 新增，将原 0720 分解
0810,0810,97,0810 铁矿采选 0810 铁矿采选
0820,0820,97,0820 锰矿、铬矿采选 0820 锰矿、铬矿采选
0890,0890,97,0890 其他黑色金属矿采选 0890 其他黑色金属矿采选
0911,0911,97,0911 铜矿采选 0911 铜矿采选
0912,0912,97,0912 铅锌矿采选 0912 铅锌矿采选
0913,0913,97,0913 镍钴矿采选 0913 镍钴矿采选
0914,0914,97,0914 锡矿采选 0914 锡矿采选
0915,0915,97,0915 锑矿采选 0915 锑矿采选
0916,0916,98,0916 铝矿采选 0916 铝矿采选
0917,0917,98,0917 镁矿采选 0917 镁矿采选
0919,0919,98,0919 其他常用有色金属矿采选 0919 其他常用有色金属矿采选
0921,0921,98,0921 金矿采选 0921 金矿采选
0922,0922,98,0922 银矿采选 0922 银矿采选
0929,0929,98,0929 其他贵金属矿采选 0929 其他贵金属矿采选
0931,0931,98,0931 钨钼矿采选 0931 钨钼矿采选
0932,0932,98,0932 稀土金属矿采选 0932 稀土金属矿采选
0933,0933,98,0933 放射性金属矿采选 0933 放射性金属矿采选
0939,0939,98,0939 其他稀有金属矿采选 0939 其他稀有金属矿采选
1011,1011,98,1011 石灰石、石膏开采 1011 石灰石、石膏开采
1012,1012,98,1012 建筑装饰用石开采 1012 建筑装饰用石开采
1013,1013,98,1013 耐火土石开采 1013 耐火土石开采
1019,1019,98,1019 粘土及其他土砂石开采 1019 粘土及其他土砂石开采
1020,1020,98,1020 化学矿开采 1020 化学矿开采
1030,1030,98,1030 采盐 1030 采盐
1091,1091,98,1091 石棉、云母矿采选 1091 石棉、云母矿采选
1092,1092,98,1092 石墨、滑石采选 1092 石墨、滑石采选
1093,1093,98,1093 宝石、玉石采选 1093 宝石、玉石采选
1099,1099,98,1099 其他未列明非金属矿采选 1099 其他未列明非金属矿采选
1110,1110,98,1110 煤炭开采和洗选专业及辅助性 1110 煤炭开采和洗选辅助活动 更名
1120,1120,98,1120 石油和天然气开采专业及辅助 1120 石油和天然气开采辅助活动 更名
1190,1190,98,1190 其他开采专业及辅助性活动 1190 其他开采辅助活动 更名
1200,1200,98,1200 其他采矿业 1200 其他采矿业
1310,1311,99,1311 稻谷加工 1310 谷物磨制 新增，将原 1310 分解
1310,1312,99,1312 小麦加工 1310 谷物磨制 新增，将原 1310 分解
1310,1313,99,1313 玉米加工 1310 谷物磨制 新增，将原 1310 分解
1310,1314,99,1314 杂粮加工 1310 谷物磨制 新增，将原 1310 分解
1310,1319,99,1319 其他谷物磨制 1310 谷物磨制 新增，将原 1310 分解
1320,1321,99,1321 宠物饲料加工 1320 饲料加工 新增，将原 1320 分解，原 1363
1320,1329,99,1329 其他饲料加工 1320 饲料加工 新增，将原 1320 分解，原 1363
1331,1331,99,1331 食用植物油加工 1331 食用植物油加工
1332,1332,99,1332 非食用植物油加工 1332 非食用植物油加工
1340,1340,99,1340 制糖业 1340 制糖业
1351,1351,99,1351 牲畜屠宰 1351 牲畜屠宰
1352,1352,99,1352 禽类屠宰 1352 禽类屠宰
1353,1353,99,1353 肉制品及副产品加工 1353 肉制品及副产品加工
1361,1361,99,1361 水产品冷冻加工 1361 水产品冷冻加工
1362,1362,99,1362 鱼糜制品及水产品干腌制加 1362 鱼糜制品及水产品干腌制加工
1364,1363,99,1363 鱼油提取及制品制造 1364 鱼油提取及制品制造
1369,1369,99,1369 其他水产品加工 1369 其他水产品加工
1371,1371,99,1371 蔬菜加工 1371 蔬菜加工 内容变更，原 1371 部分内容调
1371,1372,99,1372 食用菌加工 1371 蔬菜加工 新增，原 1371 部分内容调到此
1372,1373,99,1373 水果和坚果加工 1372 水果和坚果加工
1391,1391,99,1391 淀粉及淀粉制品制造 1391 淀粉及淀粉制品制造
1392,1392,100,1392 豆制品制造 1392 豆制品制造
1393,1393,100,1393 蛋品加工 1393 蛋品加工
1399,1399,100,1399 其他未列明农副食品加工 1399 其他未列明农副食品加工
1411,1411,100,1411 糕点、面包制造 1411 糕点、面包制造
1419,1419,100,1419 饼干及其他焙烤食品制造 1419 饼干及其他焙烤食品制造
1421,1421,100,1421 糖果、巧克力制造 1421 糖果、巧克力制造
1422,1422,100,1422 蜜饯制作 1422 蜜饯制作
1431,1431,100,1431 米、面制品制造 1431 米、面制品制造
1432,1432,100,1432 速冻食品制造 1432 速冻食品制造
1439,1433,100,1433 方便面制造 1439 方便面及其他方便食品制造 新增，原 1439 部分内容调到此
1439,1439,100,1439 其他方便食品制造 1439 方便面及其他方便食品制造 内容变更，原 1439 部分内容调
1440,1441,100,1441 液体乳制造 1440 乳制品制造 新增，将原 1440 分解
1440,1442,100,1442 乳粉制造 1440 乳制品制造 新增，将原 1440 分解
1440,1449,100,1449 其他乳制品制造 1440 乳制品制造 新增，将原 1440 分解
1451,1451,100,1451 肉、禽类罐头制造 1451 肉、禽类罐头制造
1452,1452,100,1452 水产品罐头制造 1452 水产品罐头制造
1453,1453,100,1453 蔬菜、水果罐头制造 1453 蔬菜、水果罐头制造
1459,1459,100,1459 其他罐头食品制造 1459 其他罐头食品制造
1461,1461,100,1461 味精制造 1461 味精制造
1462,1462,100,1462 酱油、食醋及类似制品制造 1462 酱油、食醋及类似制品制造
1469,1469,100,1469 其他调味品、发酵制品制造 1469 其他调味品、发酵制品制造
1491,1491,100,1491 营养食品制造 1491 营养食品制造
1492,1492,100,1492 保健食品制造 1492 保健食品制造
1493,1493,100,1493 冷冻饮品及食用冰制造 1493 冷冻饮品及食用冰制造
1494,1494,101,1494 盐加工 1494 盐加工
1495,1495,101,1495 食品及饲料添加剂制造 1495 食品及饲料添加剂制造
1499,1499,101,1499 其他未列明食品制造 1499 其他未列明食品制造
1511,1511,101,1511 酒精制造 1511 酒精制造
1512,1512,101,1512 白酒制造 1512 白酒制造
1513,1513,101,1513 啤酒制造 1513 啤酒制造
1514,1514,101,1514 黄酒制造 1514 黄酒制造
1515,1515,101,1515 葡萄酒制造 1515 葡萄酒制造
1519,1519,101,1519 其他酒制造 1519 其他酒制造
1521,1521,101,1521 碳酸饮料制造 1521 碳酸饮料制造
1522,1522,101,1522 瓶（罐）装饮用水制造 1522 瓶（罐）装饮用水制造
1523,1523,101,1523 果菜汁及果菜汁饮料制造 1523 果菜汁及果菜汁饮料制造
1524,1524,101,1524 含乳饮料和植物蛋白饮料制 1524 含乳饮料和植物蛋白饮料制造
1525,1525,101,1525 固体饮料制造 1525 固体饮料制造
1529,1529,101,1529 茶饮料及其他饮料制造 1529 茶饮料及其他饮料制造
1530,1530,101,1530 精制茶加工 1530 精制茶加工
1610,1610,101,1610 烟叶复烤 1610 烟叶复烤
1620,1620,101,1620 卷烟制造 1620 卷烟制造
1690,1690,101,1690 其他烟草制品制造 1690 其他烟草制品制造
1711,1711,101,1711 棉纺纱加工 1711 棉纺纱加工
1712,1712,101,1712 棉织造加工 1712 棉织造加工
1713,1713,101,1713 棉印染精加工 1713 棉印染精加工
1721,1721,101,1721 毛条和毛纱线加工 1721 毛条和毛纱线加工
1722,1722,101,1722 毛织造加工 1722 毛织造加工
1723,1723,101,1723 毛染整精加工 1723 毛染整精加工
1731,1731,102,1731 麻纤维纺前加工和纺纱 1731 麻纤维纺前加工和纺纱
1732,1732,102,1732 麻织造加工 1732 麻织造加工
1733,1733,102,1733 麻染整精加工 1733 麻染整精加工
1741,1741,102,1741 缫丝加工 1741 缫丝加工
1742,1742,102,1742 绢纺和丝织加工 1742 绢纺和丝织加工
1743,1743,102,1743 丝印染精加工 1743 丝印染精加工
1751,1751,102,1751 化纤织造加工 1751 化纤织造加工
1752,1752,102,1752 化纤织物染整精加工 1752 化纤织物染整精加工
1761,1761,102,1761 针织或钩针编织物织造 1761 针织或钩针编织物织造
1762,1762,102,1762 针织或钩针编织物印染精加 1762 针织或钩针编织物印染精加工
1763,1763,102,1763 针织或钩针编织品制造 1763 针织或钩针编织品制造
1771,1771,102,1771 床上用品制造 1771 床上用品制造
1772,1772,102,1772 毛巾类制品制造 1772 毛巾类制品制造
1773,1773,102,1773 窗帘、布艺类产品制造 1773 窗帘、布艺类产品制造
1779,1779,102,1779 其他家用纺织制成品制造 1779 其他家用纺织制成品制造
1781,1781,102,1781 非织造布制造 1781 非织造布制造
1782,1782,102,1782 绳、索、缆制造 1782 绳、索、缆制造
1783,1783,102,1783 纺织带和帘子布制造 1783 纺织带和帘子布制造
1784,1784,102,1784 篷、帆布制造 1784 篷、帆布制造
1789,1789,102,1789 其他产业用纺织制成品制造 1789 其他非家用纺织制成品制造 更名
1810,1811,102,1811 运动机织服装制造 1810 机织服装制造 新增，将原 1810 分解
1810,1819,102,1819 其他机织服装制造 1810 机织服装制造 新增，将原 1810 分解
1820,1821,102,1821 运动休闲针织服装制造 1820 针织或钩针编织服装制造 新增，将原 1820 分解
1820,1829,102,1829 其他针织或钩针编织服装制 1820 针织或钩针编织服装制造 新增，将原 1820 分解
1830,1830,103,1830 服饰制造 1830 服饰制造
1910,1910,103,1910 皮革鞣制加工 1910 皮革鞣制加工
1921,1921,103,1921 皮革服装制造 1921 皮革服装制造
1922,1922,103,1922 皮箱、包(袋)制造 1922 皮箱、包(袋)制造
1923,1923,103,1923 皮手套及皮装饰制品制造 1923 皮手套及皮装饰制品制造
1929,1929,103,1929 其他皮革制品制造 1929 其他皮革制品制造
1931,1931,103,1931 毛皮鞣制加工 1931 毛皮鞣制加工
1932,1932,103,1932 毛皮服装加工 1932 毛皮服装加工
1939,1939,103,1939 其他毛皮制品加工 1939 其他毛皮制品加工
1941,1941,103,1941 羽毛(绒)加工 1941 羽毛(绒)加工
1942,1942,103,1942 羽毛(绒)制品加工 1942 羽毛(绒)制品加工
1951,1951,103,1951 纺织面料鞋制造 1951 纺织面料鞋制造
1952,1952,103,1952 皮鞋制造 1952 皮鞋制造
1953,1953,103,1953 塑料鞋制造 1953 塑料鞋制造
1954,1954,103,1954 橡胶鞋制造 1954 橡胶鞋制造
1959,1959,103,1959 其他制鞋业 1959 其他制鞋业
2011,2011,103,2011 锯材加工 2011 锯材加工
2012,2012,103,2012 木片加工 2012 木片加工
2013,2013,103,2013 单板加工 2013 单板加工
2019,2019,103,2019 其他木材加工 2019 其他木材加工
2021,2021,103,2021 胶合板制造 2021 胶合板制造
2022,2022,103,2022 纤维板制造 2022 纤维板制造
2023,2023,103,2023 刨花板制造 2023 刨花板制造
2029,2029,104,2029 其他人造板制造 2029 其他人造板制造
2031,2031,104,2031 建筑用木料及木材组件加工 2031 建筑用木料及木材组件加工
2032,2032,104,2032 木门窗制造 2032 木门窗、楼梯制造 新增，将原 2032 分解
2032,2033,104,2033 木楼梯制造 2032 木门窗、楼梯制造 新增，将原 2032 分解
2033,2034,104,2034 木地板制造 2033 地板制造 更名
2034,2035,104,2035 木制容器制造 2034 木制容器制造
2039,2039,104,2039 软木制品及其他木制品制造 2039 软木制品及其他木制品制造
2041,2041,104,2041 竹制品制造 2041 竹制品制造
2042,2042,104,2042 藤制品制造 2042 藤制品制造
2043,2043,104,2043 棕制品制造 2043 棕制品制造
2049,2049,104,2049 草及其他制品制造 2049 草及其他制品制造
2110,2110,104,2110 木质家具制造 2110 木质家具制造
2120,2120,104,2120 竹、藤家具制造 2120 竹、藤家具制造
2130,2130,104,2130 金属家具制造 2130 金属家具制造
2140,2140,104,2140 塑料家具制造 2140 塑料家具制造
2190,2190,104,2190 其他家具制造 2190 其他家具制造
2211,2211,104,2211 木竹浆制造 2211 木竹浆制造
2212,2212,104,2212 非木竹浆制造 2212 非木竹浆制造
2221,2221,104,2221 机制纸及纸板制造 2221 机制纸及纸板制造
2222,2222,104,2222 手工纸制造 2222 手工纸制造
2223,2223,104,2223 加工纸制造 2223 加工纸制造
2231,2231,104,2231 纸和纸板容器制造 2231 纸和纸板容器制造
2239,2239,104,2239 其他纸制品制造 2239 其他纸制品制造
2311,2311,104,2311 书、报刊印刷 2311 书、报刊印刷
2312,2312,104,2312 本册印制 2312 本册印制
2319,2319,105,2319 包装装潢及其他印刷 2319 包装装潢及其他印刷
2320,2320,105,2320 装订及印刷相关服务 2320 装订及印刷相关服务
2330,2330,105,2330 记录媒介复制 2330 记录媒介复制
2411,2411,105,2411 文具制造 2411 文具制造
2412,2412,105,2412 笔的制造 2412 笔的制造
2413,2413,105,2413 教学用模型及教具制造 2413 教学用模型及教具制造
2414,2414,105,2414 墨水、墨汁制造 2414 墨水、墨汁制造
2419,2419,105,2419 其他文教办公用品制造 2419 其他文教办公用品制造
2421,2421,105,2421 中乐器制造 2421 中乐器制造
2422,2422,105,2422 西乐器制造 2422 西乐器制造
2423,2423,105,2423 电子乐器制造 2423 电子乐器制造
2429,2429,105,2429 其他乐器及零件制造 2429 其他乐器及零件制造
2431,2431,105,2431 雕塑工艺品制造 2431 雕塑工艺品制造
2432,2432,105,2432 金属工艺品制造 2432 金属工艺品制造
2433,2433,105,2433 漆器工艺品制造 2433 漆器工艺品制造
2434,2434,105,2434 花画工艺品制造 2434 花画工艺品制造
2435,2435,105,2435 天然植物纤维编织工艺品制 2435 天然植物纤维编织工艺品制造
2436,2436,105,2436 抽纱刺绣工艺品制造 2436 抽纱刺绣工艺品制造
2437,2437,105,2437 地毯、挂毯制造 2437 地毯、挂毯制造
2438,2438,105,2438 珠宝首饰及有关物品制造 2438 珠宝首饰及有关物品制造
2439,2439,105,2439 其他工艺美术及礼仪用品制 2439 其他工艺美术品制造 更名
2441,2441,105,2441 球类制造 2441 球类制造
2442,2442,105,2442 专项运动器材及配件制造 2442 体育器材及配件制造 更名
2443,2443,105,2443 健身器材制造 2443 训练健身器材制造 更名
2444,2444,105,2444 运动防护用具制造 2444 运动防护用具制造
2449,2449,105,2449 其他体育用品制造 2449 其他体育用品制造
2450,2451,106,2451 电玩具制造 2450 玩具制造 新增，将原 2450 分解
2450,2452,106,2452 塑胶玩具制造 2450 玩具制造 新增，将原 2450 分解
2450,2453,106,2453 金属玩具制造 2450 玩具制造 新增，将原 2450 分解
2450,2454,106,2454 弹射玩具制造 2450 玩具制造 新增，将原 2450 分解
2450,2455,106,2455 娃娃玩具制造 2450 玩具制造 新增，将原 2450 分解
2450,2456,106,2456 儿童乘骑玩耍的童车类产品 2450 玩具制造 新增，将原 2450 分解
2450,2459,106,2459 其他玩具制造 2450 玩具制造 新增，将原 2450 分解
2461,2461,106,2461 露天游乐场所游乐设备制造 2461 露天游乐场所游乐设备制造
2462,2462,106,2462 游艺用品及室内游艺器材制 2462 游艺用品及室内游艺器材制造
2469,2469,106,2469 其他娱乐用品制造 2469 其他娱乐用品制造
2511,2511,106,2511 原油加工及石油制品制造 2511 原油加工及石油制品制造
2512,2519,106,2519 其他原油制造 2512 人造原油制造 新增，将原 2512 分解
2520,2521,106,2521 炼焦 2520 炼焦 调整，将 2520 部分内容调至
4500,2522,106,2522 煤制合成气生产 4500 燃气生产和供应业 新增，将原 4500、2520 中用于
2520,2523,106,2523 煤制液体燃料生产 2520 炼焦 新增，原 2520 部分内容调至此
4120,2524,106,2524 煤制品制造 4120 煤制品制造 调整，从原“41 其他制造业”
2520,2529,106,2529 其他煤炭加工 2520 炼焦 调整，原 2520 部分内容调到此
2530,2530,106,2530 核燃料加工 2530 核燃料加工
2512,2541,106,2541 生物质液体燃料生产 2512 人造原油制造 新增，将原 2512 分解
2512,2542,106,2542 生物质致密成型燃料加工 2512 人造原油制造 新增，将原 2512 分解
2611,2611,107,2611 无机酸制造 2611 无机酸制造
2612,2612,107,2612 无机碱制造 2612 无机碱制造
2613,2613,107,2613 无机盐制造 2613 无机盐制造
2614,2614,107,2614 有机化学原料制造 2614 有机化学原料制造
2619,2619,107,2619 其他基础化学原料制造 2619 其他基础化学原料制造
2621,2621,107,2621 氮肥制造 2621 氮肥制造
2622,2622,107,2622 磷肥制造 2622 磷肥制造
2623,2623,107,2623 钾肥制造 2623 钾肥制造
2624,2624,107,2624 复混肥料制造 2624 复混肥料制造
2625,2625,107,2625 有机肥料及微生物肥料制造 2625 有机肥料及微生物肥料制造
2629,2629,107,2629 其他肥料制造 2629 其他肥料制造
2631,2631,107,2631 化学农药制造 2631 化学农药制造
2632,2632,107,2632 生物化学农药及微生物农药 2632 生物化学农药及微生物农药制
2641,2641,107,2641 涂料制造 2641 涂料制造
2642,2642,107,2642 油墨及类似产品制造 2642 油墨及类似产品制造
2643,2643,107,2643 工业颜料制造 2643 颜料制造 新增，将原 2643 分解
2643,2644,107,2644 工艺美术颜料制造 2643 颜料制造 新增，将原 2643 分解
2644,2645,107,2645 染料制造 2644 染料制造
2645,2646,107,2646 密封用填料及类似品制造 2645 密封用填料及类似品制造
2651,2651,107,2651 初级形态塑料及合成树脂制 2651 初级形态塑料及合成树脂制造
2652,2652,107,2652 合成橡胶制造 2652 合成橡胶制造
2653,2653,107,2653 合成纤维单(聚合)体制造 2653 合成纤维单(聚合)体制造
2659,2659,107,2659 其他合成材料制造 2659 其他合成材料制造
2661,2661,107,2661 化学试剂和助剂制造 2661 化学试剂和助剂制造
2662,2662,108,2662 专项化学用品制造 2662 专项化学用品制造
2663,2663,108,2663 林产化学产品制造 2663 林产化学产品制造
2664,2664,108,2664 文化用信息化学品制造 2664 信息化学品制造 新增，将原 2664 分解
2664,2665,108,2665 医学生产用信息化学品制造 2664 信息化学品制造 新增，将原 2664 分解
2665,2666,108,2666 环境污染处理专用药剂材料 2665 环境污染处理专用药剂材料制
2666,2667,108,2667 动物胶制造 2666 动物胶制造
2669,2669,108,2669 其他专用化学产品制造 2669 其他专用化学产品制造
2671,2671,108,2671 炸药及火工产品制造 2671 炸药及火工产品制造
2672,2672,108,2672 焰火、鞭炮产品制造 2672 焰火、鞭炮产品制造
2681,2681,108,2681 肥皂及洗涤剂制造 2681 肥皂及合成洗涤剂制造 更名
2682,2682,108,2682 化妆品制造 2682 化妆品制造
2683,2683,108,2683 口腔清洁用品制造 2683 口腔清洁用品制造
2684,2684,108,2684 香料、香精制造 2684 香料、香精制造
2689,2689,108,2689 其他日用化学产品制造 2689 其他日用化学产品制造
2710,2710,108,2710 化学药品原料药制造 2710 化学药品原料药制造
2720,2720,108,2720 化学药品制剂制造 2720 化学药品制剂制造
2730,2730,108,2730 中药饮片加工 2730 中药饮片加工
2740,2740,108,2740 中成药生产 2740 中成药生产
2750,2750,108,2750 兽用药品制造 2750 兽用药品制造
2760,2761,108,2761 生物药品制造 2760 生物药品制造 新增，将原 2760 分解
2760,2762,108,2762 基因工程药物和疫苗制造 2760 生物药品制造 新增，将原 2760 分解
2770,2770,108,2770 卫生材料及医药用品制造 2770 卫生材料及医药用品制造 内容变更，原 2770 部分内容调
2770,2780,108,2780 药用辅料及包装材料 2770 卫生材料及医药用品制造 新增，原 2770 部分内容调到此
2811,2811,108,2811 化纤浆粕制造 2811 化纤浆粕制造 内容变更，原 2811 部分内容调
2812,2812,109,2812 人造纤维（纤维素纤维）制造 2812 人造纤维（纤维素纤维）制造 内容变更，原 2812 部分内容调
2821,2821,109,2821 锦纶纤维制造 2821 锦纶纤维制造
2822,2822,109,2822 涤纶纤维制造 2822 涤纶纤维制造
2823,2823,109,2823 腈纶纤维制造 2823 腈纶纤维制造
2824,2824,109,2824 维纶纤维制造 2824 维纶纤维制造
2825,2825,109,2825 丙纶纤维制造 2825 丙纶纤维制造
2826,2826,109,2826 氨纶纤维制造 2826 氨纶纤维制造
2829,2829,109,2829 其他合成纤维制造 2829 其他合成纤维制造
2811,2831,109,2831 生物基化学纤维制造 2811 化纤浆粕制造 新增，将原 2811、2812 部分内
2811,2832,109,2832 生物基、淀粉基新材料制造 2811 化纤浆粕制造 新增，将原 2811、2812 部分内
2911,2911,109,2911 轮胎制造 2911 轮胎制造
2912,2912,109,2912 橡胶板、管、带制造 2912 橡胶板、管、带制造
2913,2913,109,2913 橡胶零件制造 2913 橡胶零件制造
2914,2914,109,2914 再生橡胶制造 2914 再生橡胶制造
2915,2915,109,2915 日用及医用橡胶制品制造 2915 日用及医用橡胶制品制造
2919,2916,109,2916 运动场地用塑胶制造 2919 其他橡胶制品制造 新增，将 2919 部分内容调到此处
2919,2919,109,2919 其他橡胶制品制造 2919 其他橡胶制品制造 内容变更，原 2919 部分内容调
2921,2921,109,2921 塑料薄膜制造 2921 塑料薄膜制造
2922,2922,109,2922 塑料板、管、型材制造 2922 塑料板、管、型材制造
2923,2923,109,2923 塑料丝、绳及编织品制造 2923 塑料丝、绳及编织品制造
2924,2924,109,2924 泡沫塑料制造 2924 泡沫塑料制造
2925,2925,109,2925 塑料人造革、合成革制造 2925 塑料人造革、合成革制造
2926,2926,109,2926 塑料包装箱及容器制造 2926 塑料包装箱及容器制造
2927,2927,109,2927 日用塑料制品制造 2927 日用塑料制品制造
2929,2928,109,2928 人造草坪制造 2929 其他塑料制品制造 新增，原 2929 部分内容调到此
2928,2929,110,2929 塑料零件及其他塑料制品制 2928 塑料零件制造 更名，内容变更，原 2928 归入
3011,3011,110,3011 水泥制造 3011 水泥制造
3012,3012,110,3012 石灰和石膏制造 3012 石灰和石膏制造
3021,3021,110,3021 水泥制品制造 3021 水泥制品制造
3022,3022,110,3022 砼结构构件制造 3022 砼结构构件制造
3023,3023,110,3023 石棉水泥制品制造 3023 石棉水泥制品制造
3024,3024,110,3024 轻质建筑材料制造 3024 轻质建筑材料制造
3029,3029,110,3029 其他水泥类似制品制造 3029 其他水泥类似制品制造
3031,3031,110,3031 粘土砖瓦及建筑砌块制造 3031 粘土砖瓦及建筑砌块制造
3033,3032,110,3032 建筑用石加工 3033 建筑用石加工
3034,3033,110,3033 防水建筑材料制造 3034 防水建筑材料制造
3035,3034,110,3034 隔热和隔音材料制造 3035 隔热和隔音材料制造
3039,3039,110,3039 其他建筑材料制造 3039 其他建筑材料制造
3041,3041,110,3041 平板玻璃制造 3041 平板玻璃制造
3049,3042,110,3042 特种玻璃制造 3049 其他玻璃制造 新增，原 3049 部分内容调到此
3049,3049,110,3049 其他玻璃制造 3049 其他玻璃制造 内容变更，原 3049 部分内容调
3051,3051,110,3051 技术玻璃制品制造 3051 技术玻璃制品制造
3052,3052,110,3052 光学玻璃制造 3052 光学玻璃制造
3053,3053,110,3053 玻璃仪器制造 3053 玻璃仪器制造
3054,3054,110,3054 日用玻璃制品制造 3054 日用玻璃制品制造
3055,3055,110,3055 玻璃包装容器制造 3055 玻璃包装容器制造
3056,3056,110,3056 玻璃保温容器制造 3056 玻璃保温容器制造
3057,3057,110,3057 制镜及类似品加工 3057 制镜及类似品加工
3059,3059,110,3059 其他玻璃制品制造 3059 其他玻璃制品制造
3061,3061,111,3061 玻璃纤维及制品制造 3061 玻璃纤维及制品制造
3062,3062,111,3062 玻璃纤维增强塑料制品制造 3062 玻璃纤维增强塑料制品制造
3032,3071,111,3071 建筑陶瓷制品制造 3032 建筑陶瓷制品制造 调整，从原“303 砖瓦、石材等
3071,3072,111,3072 卫生陶瓷制品制造 3071 卫生陶瓷制品制造
3072,3073,111,3073 特种陶瓷制品制造 3072 特种陶瓷制品制造
3073,3074,111,3074 日用陶瓷制品制造 3073 日用陶瓷制品制造
3079,3075,111,3075 陈设艺术陶瓷制造 3079 园林、陈设艺术及其他陶瓷制 新增，将原 3079 分解
3079,3076,111,3076 园艺陶瓷制造 3079 园林、陈设艺术及其他陶瓷制 新增，将原 3079 分解
3079,3079,111,3079 其他陶瓷制品制造 3079 园林、陈设艺术及其他陶瓷制 新增，将原 3079 分解
3081,3081,111,3081 石棉制品制造 3081 石棉制品制造
3082,3082,111,3082 云母制品制造 3082 云母制品制造
3089,3089,111,3089 耐火陶瓷制品及其他耐火材 3089 耐火陶瓷制品及其他耐火材料
3091,3091,111,3091 石墨及碳素制品制造 3091 石墨及碳素制品制造
3099,3099,111,3099 其他非金属矿物制品制造 3099 其他非金属矿物制品制造
3110,3110,111,3110 炼铁 3110 炼铁
3120,3120,111,3120 炼钢 3120 炼钢
3140,3130,111,3130 钢压延加工 3140 钢压延加工
3150,3140,111,3140 铁合金冶炼 3150 铁合金冶炼
3211,3211,111,3211 铜冶炼 3211 铜冶炼
3212,3212,111,3212 铅锌冶炼 3212 铅锌冶炼
3213,3213,112,3213 镍钴冶炼 3213 镍钴冶炼
3214,3214,112,3214 锡冶炼 3214 锡冶炼
3215,3215,112,3215 锑冶炼 3215 锑冶炼
3216,3216,112,3216 铝冶炼 3216 铝冶炼
3217,3217,112,3217 镁冶炼 3217 镁冶炼
3219,3218,112,3218 硅冶炼 3219 其他常用有色金属冶炼 新增，原 3219 部分内容调到此
3219,3219,112,3219 其他常用有色金属冶炼 3219 其他常用有色金属冶炼 内容变更，原 3219 部分内容调
3221,3221,112,3221 金冶炼 3221 金冶炼
3222,3222,112,3222 银冶炼 3222 银冶炼
3229,3229,112,3229 其他贵金属冶炼 3229 其他贵金属冶炼
3231,3231,112,3231 钨钼冶炼 3231 钨钼冶炼
3232,3232,112,3232 稀土金属冶炼 3232 稀土金属冶炼
3239,3239,112,3239 其他稀有金属冶炼 3239 其他稀有金属冶炼
3240,3240,112,3240 有色金属合金制造 3240 有色金属合金制造
3261,3251,112,3251 铜压延加工 3261 铜压延加工
3262,3252,112,3252 铝压延加工 3262 铝压延加工
3263,3253,112,3253 贵金属压延加工 3263 贵金属压延加工
3264,3254,112,3254 稀有稀土金属压延加工 3264 稀有稀土金属压延加工
3269,3259,112,3259 其他有色金属压延加工 3269 其他有色金属压延加工
3311,3311,112,3311 金属结构制造 3311 金属结构制造
3312,3312,112,3312 金属门窗制造 3312 金属门窗制造
3321,3321,112,3321 切削工具制造 3321 切削工具制造
3322,3322,112,3322 手工具制造 3322 手工具制造
3323,3323,112,3323 农用及园林用金属工具制造 3323 农用及园林用金属工具制造
3324,3324,112,3324 刀剪及类似日用金属工具制 3324 刀剪及类似日用金属工具制造
3329,3329,113,3329 其他金属工具制造 3329 其他金属工具制造
3331,3331,113,3331 集装箱制造 3331 集装箱制造
3332,3332,113,3332 金属压力容器制造 3332 金属压力容器制造
3333,3333,113,3333 金属包装容器及材料制造 3333 金属包装容器制造
3340,3340,113,3340 金属丝绳及其制品制造 3340 金属丝绳及其制品制造
3351,3351,113,3351 建筑、家具用金属配件制造 3351 建筑、家具用金属配件制造
3352,3352,113,3352 建筑装饰及水暖管道零件制 3352 建筑装饰及水暖管道零件制造
3353,3353,113,3353 安全、消防用金属制品制造 3353 安全、消防用金属制品制造
3359,3359,113,3359 其他建筑、安全用金属制品制 3359 其他建筑、安全用金属制品制
3360,3360,113,3360 金属表面处理及热处理加工 3360 金属表面处理及热处理加工
3371,3371,113,3371 生产专用搪瓷制品制造 3371 生产专用搪瓷制品制造
3372,3372,113,3372 建筑装饰搪瓷制品制造 3372 建筑装饰搪瓷制品制造
3373,3373,113,3373 搪瓷卫生洁具制造 3373 搪瓷卫生洁具制造
3379,3379,113,3379 搪瓷日用品及其他搪瓷制品 3379 搪瓷日用品及其他搪瓷制品制
3381,3381,113,3381 金属制厨房用器具制造 3381 金属制厨房用器具制造
3382,3382,113,3382 金属制餐具和器皿制造 3382 金属制餐具和器皿制造
3383,3383,113,3383 金属制卫生器具制造 3383 金属制卫生器具制造
3389,3389,113,3389 其他金属制日用品制造 3389 其他金属制日用品制造
3130,3391,113,3391 黑色金属铸造 3130 黑色金属铸造 调整，从原“31 黑色金属冶炼
3250,3392,113,3392 有色金属铸造 3250 有色金属铸造 调整，从原“32 有色金属冶炼
3391,3393,113,3393 锻件及粉末冶金制品制造 3391 锻件及粉末冶金制品制造
3392,3394,113,3394 交通及公共管理用金属标牌 3392 交通及公共管理用金属标牌制
3399,3399,113,3399 其他未列明金属制品制造 3399 其他未列明金属制品制造
3411,3411,114,3411 锅炉及辅助设备制造 3411 锅炉及辅助设备制造
3412,3412,114,3412 内燃机及配件制造 3412 内燃机及配件制造
3413,3413,114,3413 汽轮机及辅机制造 3413 汽轮机及辅机制造
3414,3414,114,3414 水轮机及辅机制造 3414 水轮机及辅机制造
3415,3415,114,3415 风能原动设备制造 3415 风能原动设备制造
3419,3419,114,3419 其他原动设备制造 3419 其他原动设备制造
3421,3421,114,3421 金属切削机床制造 3421 金属切削机床制造
3422,3422,114,3422 金属成形机床制造 3422 金属成形机床制造
3423,3423,114,3423 铸造机械制造 3423 铸造机械制造
3424,3424,114,3424 金属切割及焊接设备制造 3424 金属切割及焊接设备制造
3425,3425,114,3425 机床功能部件及附件制造 3425 机床附件制造 更名
3429,3429,114,3429 其他金属加工机械制造 3429 其他金属加工机械制造
3431,3431,114,3431 轻小型起重设备制造 3431 轻小型起重设备制造
3432,3432,114,3432 生产专用起重机制造 3432 起重机制造 更名
3433,3433,114,3433 生产专用车辆制造 3433 生产专用车辆制造
3434,3434,114,3434 连续搬运设备制造 3434 连续搬运设备制造
3435,3435,114,3435 电梯、自动扶梯及升降机制造 3435 电梯、自动扶梯及升降机制造
3439,3436,114,3436 客运索道制造 3439 其他物料搬运设备制造 新增，原 3439 部分内容调到此
3439,3437,114,3437 机械式停车设备制造 3439 其他物料搬运设备制造 新增，原 3439 部分内容调到此
3439,3439,114,3439 其他物料搬运设备制造 3439 其他物料搬运设备制造 内容变更，原 3439 部分内容调
3441,3441,114,3441 泵及真空设备制造 3441 泵及真空设备制造
3442,3442,114,3442 气体压缩机械制造 3442 气体压缩机械制造
3443,3443,114,3443 阀门和旋塞制造 3443 阀门和旋塞制造
3444,3444,114,3444 液压动力机械及元件制造 3444 液压和气压动力机械及元件制 新增，将原 3444 分解
3444,3445,115,3445 液力动力机械元件制造 3444 液压和气压动力机械及元件制 新增，将原 3444 分解
3444,3446,115,3446 气压动力机械及元件制 3444 液压和气压动力机械及元件制 新增，将原 3445 分解
3451,3451,115,3451 滚动轴承制造 3451 轴承制造 新增，将原 3451 分解
3451,3452,115,3452 滑动轴承制造 3451 轴承制造 新增，将原 3451 分解
3452,3453,115,3453 齿轮及齿轮减、变速箱制造 3452 齿轮及齿轮减、变速箱制造
3459,3459,115,3459 其他传动部件制造 3459 其他传动部件制造
3461,3461,115,3461 烘炉、熔炉及电炉制造 3461 烘炉、熔炉及电炉制造
3462,3462,115,3462 风机、风扇制造 3462 风机、风扇制造
3463,3463,115,3463 气体、液体分离及纯净设备制 3463 气体、液体分离及纯净设备制
3464,3464,115,3464 制冷、空调设备制造 3464 制冷、空调设备制造
3465,3465,115,3465 风动和电动工具制造 3465 风动和电动工具制造
3466,3466,115,3466 喷枪及类似器具制造 3466 喷枪及类似器具制造
3468,3467,115,3467 包装专用设备制造 3468 包装专用设备制造
3471,3471,115,3471 电影机械制造 3471 电影机械制造
3472,3472,115,3472 幻灯及投影设备制造 3472 幻灯及投影设备制造
3473,3473,115,3473 照相机及器材制造 3473 照相机及器材制造
3474,3474,115,3474 复印和胶印设备制造 3474 复印和胶印设备制造
3475,3475,115,3475 计算器及货币专用设备制造 3475 计算器及货币专用设备制造
3479,3479,115,3479 其他文化、办公用机械制造 3479 其他文化、办公用机械制造
3481,3481,115,3481 金属密封件制造 3481 金属密封件制造
3482,3482,115,3482 紧固件制造 3482 紧固件制造
3483,3483,115,3483 弹簧制造 3483 弹簧制造
3484,3484,115,3484 机械零部件加工 3484 机械零部件加工
3489,3489,115,3489 其他通用零部件制造 3489 其他通用零部件制造
3599,3491,115,3491 工业机器人制造 3599 其他专用设备制造 新增，原 3599 部分内容调到此
3599,3492,116,3492 特殊作业机器人制造 3599 其他专用设备制造 新增，原 3599 部分内容调到此
3490,3493,116,3493 增材制造装备制造 3490 其他通用设备制造 新增，原 3490 部分内容调到此
3490,3499,116,3499 其他未列明通用设备制造业 3490 其他通用设备制造 更名，内容变更，原 3490 部分
3511,3511,116,3511 矿山机械制造 3511 矿山机械制造
3512,3512,116,3512 石油钻采专用设备制造 3512 石油钻采专用设备制造 内容变更，原 3512 部分内容调
3512,3513,116,3513 深海石油钻探设备制造 3512 石油钻采专用设备制造 新增，原 3512 部分内容调到此
3513,3514,116,3514 建筑工程用机械制造 3513 建筑工程用机械制造 内容变更，原 3513 部分内容调
3515,3515,116,3515 建筑材料生产专用机械制造 3515 建筑材料生产专用机械制造
3516,3516,116,3516 冶金专用设备制造 3516 冶金专用设备制造
3513,3517,116,3517 隧道施工专用机械制造 3513 建筑工程用机械制造 新增，原 3513 部分内容调到此
3521,3521,116,3521 炼油、化工生产专用设备制造 3521 炼油、化工生产专用设备制造
3522,3522,116,3522 橡胶加工专用设备制造 3522 橡胶加工专用设备制造
3523,3523,116,3523 塑料加工专用设备制造 3523 塑料加工专用设备制造
3524,3524,116,3524 木竹材加工机械制造 3524 木材加工机械制造 更名
3525,3525,116,3525 模具制造 3525 模具制造
3529,3529,116,3529 其他非金属加工专用设备制 3529 其他非金属加工专用设备制造
3531,3531,116,3531 食品、酒、饮料及茶生产专用 3531 食品、酒、饮料及茶生产专用
3532,3532,116,3532 农副食品加工专用设备制造 3532 农副食品加工专用设备制造
3533,3533,116,3533 烟草生产专用设备制造 3533 烟草生产专用设备制造
3534,3534,117,3534 饲料生产专用设备制造 3534 饲料生产专用设备制造
3541,3541,117,3541 制浆和造纸专用设备制造 3541 制浆和造纸专用设备制造
3542,3542,117,3542 印刷专用设备制造 3542 印刷专用设备制造
3543,3543,117,3543 日用化工专用设备制造 3543 日用化工专用设备制造
3544,3544,117,3544 制药专用设备制造 3544 制药专用设备制造
3545,3545,117,3545 照明器具生产专用设备制造 3545 照明器具生产专用设备制造
3546,3546,117,3546 玻璃、陶瓷和搪瓷制品生产专 3546 玻璃、陶瓷和搪瓷制品生产专
3549,3549,117,3549 其他日用品生产专用设备制 3549 其他日用品生产专用设备制造
3551,3551,117,3551 纺织专用设备制造 3551 纺织专用设备制造
3552,3552,117,3552 皮革、毛皮及其制品加工专用 3552 皮革、毛皮及其制品加工专用
3553,3553,117,3553 缝制机械制造 3553 缝制机械制造
3554,3554,117,3554 洗涤机械制造 3554 洗涤机械制造
3561,3561,117,3561 电工机械专用设备制造 3561 电工机械专用设备制造
3562,3562,117,3562 半导体器件专用设备制造 3562 电子工业专用设备制造 新增，将原 3562 分解
3562,3563,117,3563 电子元器件与机电组件设备 3562 电子工业专用设备制造 新增，将原 3562 分解
3562,3569,117,3569 其他电子专用设备制造 3562 电子工业专用设备制造 新增，将原 3562 分解
3571,3571,117,3571 拖拉机制造 3571 拖拉机制造
3572,3572,117,3572 机械化农业及园艺机具制造 3572 机械化农业及园艺机具制造
3573,3573,117,3573 营林及木竹采伐机械制造 3573 营林及木竹采伐机械制造
3574,3574,117,3574 畜牧机械制造 3574 畜牧机械制造
3575,3575,117,3575 渔业机械制造 3575 渔业机械制造
3576,3576,117,3576 农林牧渔机械配件制造 3576 农林牧渔机械配件制造
3577,3577,117,3577 棉花加工机械制造 3577 棉花加工机械制造
3579,3579,117,3579 其他农、林、牧、渔业机械制 3579 其他农、林、牧、渔业机械制
3581,3581,118,3581 医疗诊断、监护及治疗设备制 3581 医疗诊断、监护及治疗设备制
3582,3582,118,3582 口腔科用设备及器具制造 3582 口腔科用设备及器具制造
3583,3583,118,3583 医疗实验室及医用消毒设备 3583 医疗实验室及医用消毒设备和
3584,3584,118,3584 医疗、外科及兽医用器械制造 3584 医疗、外科及兽医用器械制造
3585,3585,118,3585 机械治疗及病房护理设备制 3585 机械治疗及病房护理设备制造
3586,3586,118,3586 康复辅具制造 3586 假肢、人工器官及植（介）入 新增，原 3586 被分解，部分内
4042,3587,118,3587 眼镜制造 4042 眼镜制造 调整，从原“40 仪器仪表制造
3586,3589,118,3589 其他医疗设备及器械制造 3586 假肢、人工器官及植（介）入 内容变更，原 3586 部分内容调
3591,3591,118,3591 环境保护专用设备制造 3591 环境保护专用设备制造
3592,3592,118,3592 地质勘查专用设备制造 3592 地质勘查专用设备制造
3593,3593,118,3593 邮政专用机械及器材制造 3593 邮政专用机械及器材制造
3594,3594,118,3594 商业、饮食、服务专用设备制 3594 商业、饮食、服务专用设备制
3595,3595,118,3595 社会公共安全设备及器材制 3595 社会公共安全设备及器材制造
3596,3596,118,3596 交通安全、管制及类似专用设 3596 交通安全、管制及类似专用设
3597,3597,118,3597 水资源专用机械制造 3597 水资源专用机械制造
3599,3599,118,3599 其他专用设备制造 3599 其他专用设备制造 内容变更，原 3599 部分内容调
3610,3611,118,3611 汽柴油车整车制造 3610 汽车整车制造 新增，将原 3610 分解
3610,3612,119,3612 新能源车整车制造 3610 汽车整车制造 新增，将原 3610 分解
3610,3620,119,3620 汽车用发动机制造 3610 汽车整车制造 新增，将原 3610 分解
3620,3630,119,3630 改装汽车制造 3620 改装汽车制造 更名
3630,3640,119,3640 低速汽车制造 3630 低速载货汽车制造
3640,3650,119,3650 电车制造 3640 电车制造
3650,3660,119,3660 汽车车身、挂车制造 3650 汽车车身、挂车制造
3660,3670,119,3670 汽车零部件及配件制造 3660 汽车零部件及配件制造
3711,3711,119,3711 高铁车组制造 3711 铁路机车车辆及动车组制造 新增，将原 3711 分解
3711,3712,119,3712 铁路机车车辆制造 3711 铁路机车车辆及动车组制造 新增，将原 3711 分解
3712,3713,119,3713 窄轨机车车辆制造 3712 窄轨机车车辆制造
3713,3714,119,3714 高铁设备、配件制造 3713 铁路机车车辆配件制造 新增，原 3713 部分内容调到此
3713,3715,119,3715 铁路机车车辆配件制造 3713 铁路机车车辆配件制造 内容变更，原 3713 部分内容调
3714,3716,119,3716 铁路专用设备及器材、配件制 3714 铁路专用设备及器材、配件制
3719,3719,119,3719 其他铁路运输设备制造 3719 其他铁路运输设备制造
3720,3720,119,3720 城市轨道交通设备制造 3720 城市轨道交通设备制造
3731,3731,119,3731 金属船舶制造 3731 金属船舶制造
3732,3732,119,3732 非金属船舶制造 3732 非金属船舶制造
3733,3733,119,3733 娱乐船和运动船制造 3733 娱乐船和运动船制造
3734,3734,119,3734 船用配套设备制造 3734 船用配套设备制造
3735,3735,119,3735 船舶改装 3735 船舶改装与拆除 新增，将原 3735 分解
3735,3736,119,3736 船舶拆除 3735 船舶改装与拆除 新增，将原 3735 分解
3514,3737,119,3737 海洋工程装备制造 3514 海洋工程专用设备制造 更名，调整，从原“35 专用设
3739,3739,119,3739 航标器材及其他相关装置制 3739 航标器材及其他相关装置制造
3741,3741,119,3741 飞机制造 3741 飞机制造
3742,3742,120,3742 航天器及运载火箭制造 3742 航天器制造 更名
3743,3743,120,3743 航天相关设备制造 3743 航空、航天相关设备制造 新增，将原 3743 分解
3743,3744,120,3744 航空相关设备制造 3743 航空、航天相关设备制造 新增，将原 3743 分解
3749,3749,120,3749 其他航空航天器制造 3749 其他航空航天器制造
3751,3751,120,3751 摩托车整车制造 3751 摩托车整车制造
3752,3752,120,3752 摩托车零部件及配件制造 3752 摩托车零部件及配件制造
3761,3761,120,3761 自行车制造 3761 脚踏自行车及残疾人座车制造 新增，将原 3761 分解
3761,3762,120,3762 残疾人座车制造 3761 脚踏自行车及残疾人座车制造 新增，将原 3761 分解
3762,3770,120,3770 助动车制造 3762 助动自行车制造 更名
3770,3780,120,3780 非公路休闲车及零配件制造 3770 非公路休闲车及零配件制造
3791,3791,120,3791 潜水装备制造 3791 潜水及水下救捞装备制造 新增，将原 3791 分解
3791,3792,120,3792 水下救捞装备制造 3791 潜水及水下救捞装备制造 新增，将原 3791 分解
3799,3799,120,3799 其他未列明运输设备制造 3799 其他未列明运输设备制造
3811,3811,120,3811 发电机及发电机组制造 3811 发电机及发电机组制造
3812,3812,120,3812 电动机制造 3812 电动机制造
3819,3813,120,3813 微特电机及组件制造 3819 微电机及其他电机制造 新增，将原 3819 分解
3819,3819,120,3819 其他电机制造 3819 微电机及其他电机制造 新增，将原 3819 分解
3821,3821,120,3821 变压器、整流器和电感器制造 3821 变压器、整流器和电感器制造
3822,3822,120,3822 电容器及其配套设备制造 3822 电容器及其配套设备制造
3823,3823,120,3823 配电开关控制设备制造 3823 配电开关控制设备制造
3824,3824,120,3824 电力电子元器件制造 3824 电力电子元器件制造
3825,3825,120,3825 光伏设备及元器件制造 3825 光伏设备及元器件制造
3829,3829,120,3829 其他输配电及控制设备制造 3829 其他输配电及控制设备制造
3831,3831,120,3831 电线、电缆制造 3831 电线、电缆制造
3832,3832,120,3832 光纤制造 3832 光纤、光缆制造 新增，将原 3832 分解
3832,3833,121,3833 光缆制造 3832 光纤、光缆制造 新增，将原 3832 分解
3833,3834,121,3834 绝缘制品制造 3833 绝缘制品制造
3839,3839,121,3839 其他电工器材制造 3839 其他电工器材制造
3841,3841,121,3841 锂离子电池制造 3841 锂离子电池制造
3842,3842,121,3842 镍氢电池制造 3842 镍氢电池制造
3849,3843,121,3843 铅蓄电池制造 3849 其他电池制造 新增，原 3849 部分内容调到此
3849,3844,121,3844 锌锰电池制造 3849 其他电池制造 新增，原 3849 部分内容调到此
3849,3849,121,3849 其他电池制造 3849 其他电池制造 内容变更，原 3849 部分内容调
3851,3851,121,3851 家用制冷电器具制造 3851 家用制冷电器具制造
3852,3852,121,3852 家用空气调节器制造 3852 家用空气调节器制造
3853,3853,121,3853 家用通风电器具制造 3853 家用通风电器具制造
3854,3854,121,3854 家用厨房电器具制造 3854 家用厨房电器具制造
3855,3855,121,3855 家用清洁卫生电器具制造 3855 家用清洁卫生电器具制造 内容变更，原 3855 部分内容调
3856,3856,121,3856 家用美容、保健护理电器具制 3856 家用美容、保健电器具制造 更名
3857,3857,121,3857 家用电力器具专用配件制造 3857 家用电力器具专用配件制造
3859,3859,121,3859 其他家用电力器具制造 3859 其他家用电力器具制造 内容变更，原 3859 部分内容调
3861,3861,121,3861 燃气及类似能源家用器具制 3861 燃气、太阳能及类似能源家用 新增，将原 3861 分解
3861,3862,121,3862 太阳能器具制造 3861 燃气、太阳能及类似能源家用 新增，将原 3861 分解
3869,3869,121,3869 其他非电力家用器具制造 3869 其他非电力家用器具制造
3871,3871,121,3871 电光源制造 3871 电光源制造
3872,3872,121,3872 照明灯具制造 3872 照明灯具制造 内容变更，原 3872 部分内容调
3872,3873,122,3873 舞台及场地用灯制造 3872 照明灯具制造 新增，原 3872 部分内容调到此
3879,3874,122,3874 智能照明器具制造 3879 灯用电器附件及其他照明器具 新增，原 3879 部分内容调到此
3879,3879,122,3879 灯用电器附件及其他照明器 3879 灯用电器附件及其他照明器具 内容变更，原 3879 部分内容调
3891,3891,122,3891 电气信号设备装置制造 3891 电气信号设备装置制造
3899,3899,122,3899 其他未列明电气机械及器材 3899 其他未列明电气机械及器材制
3911,3911,122,3911 计算机整机制造 3911 计算机整机制造
3912,3912,122,3912 计算机零部件制造 3912 计算机零部件制造
3913,3913,122,3913 计算机外围设备制造 3913 计算机外围设备制造
3919,3914,122,3914 工业控制计算机及系统制造 3919 其他计算机制造 新增，原 3919 部分内容调到此
3919,3915,122,3915 信息安全设备制造 3919 其他计算机制造 新增，原 3919 部分内容调到此
3919,3919,122,3919 其他计算机制造 3919 其他计算机制造 内容变更，原 3919 部分内容调
3921,3921,122,3921 通信系统设备制造 3921 通信系统设备制造
3922,3922,122,3922 通信终端设备制造 3922 通信终端设备制造
3931,3931,122,3931 广播电视节目制作及发射设 3931 广播电视节目制作及发射设备
3932,3932,122,3932 广播电视接收设备制造 3932 广播电视接收设备及器材制造 新增，将原 3932 分解
3932,3933,122,3933 广播电视专用配件制造 3932 广播电视接收设备及器材制造 新增，将原 3932 分解
3932,3934,122,3934 专业音响设备制造 3932 广播电视接收设备及器材制造 新增，将原 3932 分解
3939,3939,122,3939 应用电视设备及其他广播电 3939 应用电视设备及其他广播电视
3940,3940,122,3940 雷达及配套设备制造 3940 雷达及配套设备制造
3951,3951,123,3951 电视机制造 3951 电视机制造
3952,3952,123,3952 音响设备制造 3952 音响设备制造
3953,3953,123,3953 影视录放设备制造 3953 影视录放设备制造
3990,3961,123,3961 可穿戴智能设备制造 3990 其他电子设备制造 新增，原 3990 部分内容调到此
3990,3962,123,3962 智能车载设备制造 3990 其他电子设备制造 新增，原 3990 部分内容调到此
3990,3963,123,3963 智能无人飞行器制造 3990 其他电子设备制造 新增，原 3990 部分内容调到此
3599,3964,123,3964 服务消费机器人制造 3599 其他专用设备制造 新增，原 3599 部分内容调到此
3990,3969,123,3969 其他智能消费设备制造 3990 其他电子设备制造 新增，原 3990 部分内容调到此
3961,3971,123,3971 电子真空器件制造 3961 电子真空器件制造
3962,3972,123,3972 半导体分立器件制造 3962 半导体分立器件制造
3963,3973,123,3973 集成电路制造 3963 集成电路制造
3969,3974,123,3974 显示器件制造 3969 光电子器件及其他电子器件制 新增，将原 3969 分解
3969,3975,123,3975 半导体照明器件制造 3969 光电子器件及其他电子器件制 新增，将原 3969 分解
3969,3976,123,3976 光电子器件制造 3969 光电子器件及其他电子器件制 新增，将原 3969 分解
3969,3979,123,3979 其他电子器件制造 3969 光电子器件及其他电子器件制 新增，将原 3969 分解
3971,3981,124,3981 电阻电容电感元件制造 3971 电子元件及组件制造 新增，将原 3971 分解
3972,3982,124,3982 电子电路制造 3972 印制电路板制造 更名
3971,3983,124,3983 敏感元件及传感器制造 3971 电子元件及组件制造 新增，将原 3971 分解
3971,3984,124,3984 电声器件及零件制造 3971 电子元件及组件制造 新增，将原 3971 分解
3971,3985,124,3985 电子专用材料制造 3971 电子元件及组件制造 新增，将原 3971 分解
3971,3989,124,3989 其他电子元件制造 3971 电子元件及组件制造 新增，将原 3971 分解
3990,3990,124,3990 其他电子设备制造 3990 其他电子设备制造 内容变更，原 3990 部分内容调
4011,4011,124,4011 工业自动控制系统装置制造 4011 工业自动控制系统装置制造
4012,4012,124,4012 电工仪器仪表制造 4012 电工仪器仪表制造
4013,4013,124,4013 绘图、计算及测量仪器制造 4013 绘图、计算及测量仪器制造
4014,4014,124,4014 实验分析仪器制造 4014 实验分析仪器制造
4015,4015,124,4015 试验机制造 4015 试验机制造
4019,4016,124,4016 供应用仪器仪表制造 4019 供应用仪表及其他通用仪器制 新增，将原 4019 分解
4019,4019,124,4019 其他通用仪器制造 4019 供应用仪表及其他通用仪器制 新增，将原 4019 分解
4021,4021,124,4021 环境监测专用仪器仪表制造 4021 环境监测专用仪器仪表制造
4022,4022,124,4022 运输设备及生产用计数仪表 4022 运输设备及生产用计数仪表制
4023,4023,124,4023 导航、测绘、气象及海洋专用 4023 导航、气象及海洋专用仪器制 更名
4024,4024,124,4024 农林牧渔专用仪器仪表制造 4024 农林牧渔专用仪器仪表制造
4025,4025,124,4025 地质勘探和地震专用仪器制 4025 地质勘探和地震专用仪器制造
4026,4026,124,4026 教学专用仪器制造 4026 教学专用仪器制造
4027,4027,124,4027 核子及核辐射测量仪器制造 4027 核子及核辐射测量仪器制造
4028,4028,124,4028 电子测量仪器制造 4028 电子测量仪器制造
4029,4029,124,4029 其他专用仪器制造 4029 其他专用仪器制造
4030,4030,124,4030 钟表与计时仪器制造 4030 钟表与计时仪器制造
4041,4040,124,4040 光学仪器制造 4041 光学仪器制造
3467,4050,125,4050 衡器制造 3467 衡器制造 调整，从原“34 通用设备制造
4090,4090,125,4090 其他仪器仪表制造业 4090 其他仪器仪表制造业
4111,4111,125,4111 鬃毛加工、制刷及清扫工具制 4111 鬃毛加工、制刷及清扫工具制
4119,4119,125,4119 其他日用杂品制造 4119 其他日用杂品制造
4130,4120,125,4120 核辐射加工 4130 核辐射加工
4190,4190,125,4190 其他未列明制造业 4190 其他未列明制造业
4210,4210,125,4210 金属废料和碎屑加工处理 4210 金属废料和碎屑加工处理
4220,4220,125,4220 非金属废料和碎屑加工处理 4220 非金属废料和碎屑加工处理
4310,4310,125,4310 金属制品修理 4310 金属制品修理
4320,4320,125,4320 通用设备修理 4320 通用设备修理
4330,4330,125,4330 专用设备修理 4330 专用设备修理
4341,4341,125,4341 铁路运输设备修理 4341 铁路运输设备修理
4342,4342,125,4342 船舶修理 4342 船舶修理
4343,4343,125,4343 航空航天器修理 4343 航空航天器修理
4349,4349,125,4349 其他运输设备修理 4349 其他运输设备修理
4350,4350,125,4350 电气设备修理 4350 电气设备修理
4360,4360,125,4360 仪器仪表修理 4360 仪器仪表修理
4390,4390,125,4390 其他机械和设备修理业 4390 其他机械和设备修理业
4411,4411,125,4411 火力发电 4411 火力发电 内容变更，原 4411 部分内容调
4411,4412,125,4412 热电联产 4411 火力发电 新增，原 4411 部分内容调到此
4412,4413,126,4413 水力发电 4412 水力发电
4413,4414,126,4414 核力发电 4413 核力发电
4414,4415,126,4415 风力发电 4414 风力发电
4415,4416,126,4416 太阳能发电 4415 太阳能发电
4419,4417,126,4417 生物质能发电 4419 其他电力生产 新增，原 4419 部分内容调到此
4419,4419,126,4419 其他电力生产 4419 其他电力生产 内容变更，原 4419 部分内容调
4420,4420,126,4420 电力供应 4420 电力供应 内容变更，原 4420 部分内容调
4430,4430,126,4430 热力生产和供应 4430 热力生产和供应
4500,4511,126,4511 天然气生产和供应业 4500 燃气生产和供应业 新增，将原 4500 分解
4500,4512,126,4512 液化石油气生产和供应业 4500 燃气生产和供应业 新增，将原 4500 分解
4500,4513,126,4513 煤气生产和供应业 4500 燃气生产和供应业 新增，将原 4500 分解
4500,4520,126,4520 生物质燃气生产和供应业 4500 燃气生产和供应业 新增，将原 4500 分解
4610,4610,126,4610 自来水生产和供应 4610 自来水生产和供应
4620,4620,126,4620 污水处理及其再生利用 4620 污水处理及其再生利用
4690,4630,126,4630 海水淡化处理 4690 其他水的处理、利用与分配 新增，原 4690 部分内容调到此
4690,4690,126,4690 其他水的处理、利用与分配 4690 其他水的处理、利用与分配 内容变更，原 4690 部分内容调
4700,4710,126,4710 住宅房屋建筑 4700 房屋建筑业 新增，将原 4700 分解
4700,4720,126,4720 体育场馆建筑 4700 房屋建筑业 新增，将原 4700 分解
4700,4790,126,4790 其他房屋建筑业 4700 房屋建筑业 新增，将原 4700 分解
4811,4811,126,4811 铁路工程建筑 4811 铁路工程建筑
4812,4812,126,4812 公路工程建筑 4812 公路工程建筑
4813,4813,127,4813 市政道路工程建筑 4813 市政道路工程建筑 内容变更，原 4813 部分内容调
4813,4814,127,4814 城市轨道交通工程建筑 4813 市政道路工程建筑 新增，原 4813 部分内容调到此
4819,4819,127,4819 其他道路、隧道和桥梁工程建 4819 其他道路、隧道和桥梁工程建
4821,4821,127,4821 水源及供水设施工程建筑 4821 水源及供水设施工程建筑
4822,4822,127,4822 河湖治理及防洪设施工程建 4822 河湖治理及防洪设施工程建筑
4823,4823,127,4823 港口及航运设施工程建筑 4823 港口及航运设施工程建筑
4830,4831,127,4831 海洋油气资源开发利用工程建筑 4830 海洋工程建筑 新增，将原 4830 分解
4830,4832,127,4832 海洋能源开发利用工程建筑 4830 海洋工程建筑 新增，将原 4830 分解
4830,4833,127,4833 海底隧道工程建筑 4830 海洋工程建筑 新增，将原 4830 分解
4830,4834,127,4834 海底设施铺设工程建筑 4830 海洋工程建筑 新增，将原 4830 分解
4830,4839,127,4839 其他海洋工程建筑 4830 海洋工程建筑 新增，将原 4830 分解
4840,4840,127,4840 工矿工程建筑 4840 工矿工程建筑 内容变更，原 4840 部分内容调
4851,4851,127,4851 架线及设备工程建筑 4851 架线及设备工程建筑
4852,4852,127,4852 管道工程建筑 4852 管道工程建筑 内容变更，原 4852 部分内容调
4852,4853,127,4853 地下综合管廊工程建筑 4852 管道工程建筑 新增，原 4852 部分内容调到此
4840,4861,127,4861 节能工程施工 4840 工矿工程建筑 新增，原 4840 部分内容调到此
4840,4862,127,4862 环保工程施工 4840 工矿工程建筑 新增，原 4840 部分内容调到此
4840,4863,127,4863 生态保护工程施工 4840 工矿工程建筑 新增，原 4840 部分内容调到此
4840,4871,127,4871 火力发电工程施工 4840 工矿工程建筑 新增，原 4840 部分内容调到此
4840,4872,128,4872 水力发电工程施工 4840 工矿工程建筑 新增，原 4840 部分内容调到此
4840,4873,128,4873 核电工程施工 4840 工矿工程建筑 新增，原 4840 部分内容调到此
4840,4874,128,4874 风能发电工程施工 4840 工矿工程建筑 新增，原 4840 部分内容调到此
4840,4875,128,4875 太阳能发电工程施工 4840 工矿工程建筑 新增，原 4840 部分内容调到此
4840,4879,128,4879 其他电力工程施工 4840 工矿工程建筑 新增，原 4840 部分内容调到此
4890,4891,128,4891 园林绿化工程施工 4890 其他土木工程建筑 新增，将原 4890 分解
4890,4892,128,4892 体育场地设施工程施工 4890 其他土木工程建筑 新增，将原 4890 分解
4890,4893,128,4893 游乐设施工程施工 4890 其他土木工程建筑 新增，将原 4890 分解
4890,4899,128,4899 其他土木工程建筑施工 4890 其他土木工程建筑 新增，将原 4890 分解
4910,4910,128,4910 电气安装 4910 电气安装
4920,4920,128,4920 管道和设备安装 4920 管道和设备安装
4990,4991,128,4991 体育场地设施安装 4990 其他建筑安装业 新增，将原 4990 分解
4990,4999,128,4999 其他建筑安装 4990 其他建筑安装业 新增，将原 4990 分解
5010,5011,128,5011 公共建筑装饰和装修 5010 建筑装饰业 新增，将原 5010 分解
5010,5012,128,5012 住宅装饰和装修 5010 建筑装饰业 新增，将原 5010 分解
5010,5013,128,5013 建筑幕墙装饰和装修 5010 建筑装饰业 新增，将原 5010 分解
5021,5021,128,5021 建筑物拆除活动 5021 建筑物拆除活动
5029,5022,128,5022 场地准备活动 5029 其他工程准备活动 新增，原 5029 归入此类
5030,5030,128,5030 提供施工设备服务 5030 提供施工设备服务
5090,5090,128,5090 其他未列明建筑业 5090 其他未列明建筑业
5111,5111,129,5111 谷物、豆及薯类批发 5111 谷物、豆及薯类批发
5112,5112,129,5112 种子批发 5112 种子批发
5113,5113,129,5113 畜牧渔业饲料批发 5113 饲料批发 更名，内容变更，将原 5113 部
5114,5114,129,5114 棉、麻批发 5114 棉、麻批发
5115,5115,129,5115 林业产品批发 5115 林业产品批发
5116,5116,129,5116 牲畜批发 5116 牲畜批发
5119,5117,129,5117 渔业产品批发 5119 其他农牧产品批发 新增，原 5119 部分内容调到此
5119,5119,129,5119 其他农牧产品批发 5119 其他农牧产品批发 内容变更，原 5119 部分内容调
5121,5121,129,5121 米、面制品及食用油批发 5121 米、面制品及食用油批发
5122,5122,129,5122 糕点、糖果及糖批发 5122 糕点、糖果及糖批发
5123,5123,129,5123 果品、蔬菜批发 5123 果品、蔬菜批发
5124,5124,129,5124 肉、禽、蛋、奶及水产品批发 5124 肉、禽、蛋、奶及水产品批发
5125,5125,129,5125 盐及调味品批发 5125 盐及调味品批发
5126,5126,129,5126 营养和保健品批发 5126 营养和保健品批发
5127,5127,129,5127 酒、饮料及茶叶批发 5127 酒、饮料及茶叶批发
5128,5128,129,5128 烟草制品批发 5128 烟草制品批发
5129,5129,129,5129 其他食品批发 5129 其他食品批发
5131,5131,129,5131 纺织品、针织品及原料批发 5131 纺织品、针织品及原料批发
5132,5132,129,5132 服装批发 5132 服装批发
5133,5133,129,5133 鞋帽批发 5133 鞋帽批发
5134,5134,129,5134 化妆品及卫生用品批发 5134 化妆品及卫生用品批发
5135,5135,129,5135 厨具卫具及日用杂品批发 5135 厨房、卫生间用具及日用杂货 更名
5136,5136,129,5136 灯具、装饰物品批发 5136 灯具、装饰物品批发
5137,5137,129,5137 家用视听设备批发 5137 家用电器批发 新增，原 5137 部分内容调到此
5137,5138,129,5138 日用家电批发 5137 家用电器批发 更名，内容变更，原 5137 部分
5139,5139,130,5139 其他家庭用品批发 5139 其他家庭用品批发
5141,5141,130,5141 文具用品批发 5141 文具用品批发
5142,5142,130,5142 体育用品及器材批发 5142 体育用品及器材批发
5143,5143,130,5143 图书批发 5143 图书批发
5144,5144,130,5144 报刊批发 5144 报刊批发
5145,5145,130,5145 音像制品、电子和数字出版物 5145 音像制品及电子出版物批发 更名
5146,5146,130,5146 首饰、工艺品及收藏品批发 5146 首饰、工艺品及收藏品批发
5149,5147,130,5147 乐器批发 5149 其他文化用品批发 新增，原 5149 部分内容调到此
5149,5149,130,5149 其他文化用品批发 5149 其他文化用品批发 内容变更，原 5149 部分内容调
5151,5151,130,5151 西药批发 5151 西药批发 内容变更，原 5151 部分内容调
5152,5152,130,5152 中药批发 5152 中药批发 内容变更，原 5152 部分内容调
5151,5153,130,5153 动物用药品批发 5151 西药批发 新增，将原 5151、5152 部分内
5153,5154,130,5154 医疗用品及器材批发 5153 医疗用品及器材批发
5161,5161,130,5161 煤炭及制品批发 5161 煤炭及制品批发
5162,5162,130,5162 石油及制品批发 5162 石油及制品批发
5163,5163,130,5163 非金属矿及制品批发 5163 非金属矿及制品批发
5164,5164,130,5164 金属及金属矿批发 5164 金属及金属矿批发
5165,5165,130,5165 建材批发 5165 建材批发
5166,5166,130,5166 化肥批发 5166 化肥批发
5167,5167,130,5167 农药批发 5167 农药批发
5168,5168,130,5168 农用薄膜批发 5168 农用薄膜批发
5169,5169,130,5169 其他化工产品批发 5169 其他化工产品批发
5171,5171,130,5171 农业机械批发 5171 农业机械批发
5172,5172,131,5172 汽车及零配件批发 5172 汽车批发 新增，原 5172 与 5173 合并为
5174,5173,131,5173 摩托车及零配件批发 5174 摩托车及零配件批发
5175,5174,131,5174 五金产品批发 5175 五金产品批发
5176,5175,131,5175 电气设备批发 5176 电气设备批发
5177,5176,131,5176 计算机、软件及辅助设备批发 5177 计算机、软件及辅助设备批发
5178,5177,131,5177 通讯设备批发 5178 通讯及广播电视设备批发 新增，将原 5178 分解
5178,5178,131,5178 广播影视设备批发 5178 通讯及广播电视设备批发 新增，将原 5178 分解
5179,5179,131,5179 其他机械设备及电子产品批 5179 其他机械设备及电子产品批发
5181,5181,131,5181 贸易代理 5181 贸易代理
5182,5182,131,5182 一般物品拍卖 5182 拍卖 新增，将原 5182 分解
5182,5183,131,5183 艺术品、收藏品拍卖 5182 拍卖 新增，将原 5182 分解
5189,5184,131,5184 艺术品代理 5189 其他贸易经纪与代理 新增，原 5189、8949 部分内容
5189,5189,131,5189 其他贸易经纪与代理 5189 其他贸易经纪与代理 内容变更，原 5189 部分内容调
5191,5191,131,5191 再生物资回收与批发 5191 再生物资回收与批发
5113,5192,131,5192 宠物食品用品批发 5113 饲料批发 新增，原 5113 部分内容调到此
5199,5193,131,5193 互联网批发 5199 其他未列明批发业 新增，原 5199 部分内容调到此
5199,5199,131,5199 其他未列明批发业 5199 其他未列明批发业 内容变更，原 5199 部分内容调
5211,5211,131,5211 百货零售 5211 百货零售
5212,5212,131,5212 超级市场零售 5212 超级市场零售
5219,5213,131,5213 便利店零售 5219 其他综合零售 新增，原 5219 部分内容调到此
5219,5219,131,5219 其他综合零售 5219 其他综合零售 内容变更，原 5219 部分内容调
5221,5221,132,5221 粮油零售 5221 粮油零售
5222,5222,132,5222 糕点、面包零售 5222 糕点、面包零售
5223,5223,132,5223 果品、蔬菜零售 5223 果品、蔬菜零售
5224,5224,132,5224 肉、禽、蛋、奶及水产品零售 5224 肉、禽、蛋、奶及水产品零售
5225,5225,132,5225 营养和保健品零售 5225 营养和保健品零售
5226,5226,132,5226 酒、饮料及茶叶零售 5226 酒、饮料及茶叶零售
5227,5227,132,5227 烟草制品零售 5227 烟草制品零售
5229,5229,132,5229 其他食品零售 5229 其他食品零售
5231,5231,132,5231 纺织品及针织品零售 5231 纺织品及针织品零售
5232,5232,132,5232 服装零售 5232 服装零售
5233,5233,132,5233 鞋帽零售 5233 鞋帽零售
5234,5234,132,5234 化妆品及卫生用品零售 5234 化妆品及卫生用品零售
5237,5235,132,5235 厨具卫具及日用杂品零售 5237 厨房用具及日用杂品零售 更名
5235,5236,132,5236 钟表、眼镜零售 5235 钟表、眼镜零售
5236,5237,132,5237 箱包零售 5236 箱、包零售
5238,5238,132,5238 自行车等代步设备零售 5238 自行车零售 更名
5239,5239,132,5239 其他日用品零售 5239 其他日用品零售
5241,5241,132,5241 文具用品零售 5241 文具用品零售
5242,5242,132,5242 体育用品及器材零售 5242 体育用品及器材零售
5243,5243,132,5243 图书、报刊零售 5243 图书、报刊零售
5244,5244,132,5244 音像制品、电子和数字出版物 5244 音像制品及电子出版物零售 更名
5245,5245,132,5245 珠宝首饰零售 5245 珠宝首饰零售
5246,5246,132,5246 工艺美术品及收藏品零售 5246 工艺美术品及收藏品零售
5247,5247,132,5247 乐器零售 5247 乐器零售
5248,5248,132,5248 照相器材零售 5248 照相器材零售
5249,5249,132,5249 其他文化用品零售 5249 其他文化用品零售
5251,5251,132,5251 西药零售 5251 药品零售 新增，将原 5251 分解
5251,5252,132,5252 中药零售 5251 药品零售 新增，将原 5251 分解
5251,5253,132,5253 动物用药品零售 5251 药品零售 新增，将原 5251 分解
5252,5254,133,5254 医疗用品及器材零售 5252 医疗用品及器材零售 内容变更，原 5252 部分内容调
5252,5255,133,5255 保健辅助治疗器材零售 5252 医疗用品及器材零售 新增，原 5252 部分内容调到此
5261,5261,133,5261 汽车新车零售 5261 汽车零售 新增，将原 5261 分解
5261,5262,133,5262 汽车旧车零售 5261 汽车零售 新增，将原 5261 分解
5262,5263,133,5263 汽车零配件零售 5262 汽车零配件零售
5263,5264,133,5264 摩托车及零配件零售 5263 摩托车及零配件零售
5264,5265,133,5265 机动车燃油零售 5264 机动车燃料零售 新增，将原 5264 分解
5264,5266,133,5266 机动车燃气零售 5264 机动车燃料零售 新增，将原 5264 分解
4420,5267,133,5267 机动车充电销售 4420 电力供应 新增，原 4420 部分内容调到此
5271,5271,133,5271 家用视听设备零售 5271 家用视听设备零售
5272,5272,133,5272 日用家电零售 5272 日用家电设备零售 更名
5273,5273,133,5273 计算机、软件及辅助设备零售 5273 计算机、软件及辅助设备零售
5274,5274,133,5274 通信设备零售 5274 通信设备零售
5279,5279,133,5279 其他电子产品零售 5279 其他电子产品零售
5281,5281,133,5281 五金零售 5281 五金零售
5282,5282,133,5282 灯具零售 5282 灯具零售
5283,5283,133,5283 家具零售 5283 家具零售
5284,5284,133,5284 涂料零售 5284 涂料零售
5285,5285,133,5285 卫生洁具零售 5285 卫生洁具零售
5286,5286,133,5286 木质装饰材料零售 5286 木质装饰材料零售
5287,5287,133,5287 陶瓷、石材装饰材料零售 5287 陶瓷、石材装饰材料零售
5289,5289,133,5289 其他室内装饰材料零售 5289 其他室内装饰材料零售
5291,5291,133,5291 流动货摊零售 5291 货摊食品零售 新增，原 5291、5292、5293 合
5294,5292,134,5292 互联网零售 5294 互联网零售
5295,5293,134,5293 邮购及电视、电话零售 5295 邮购及电视、电话零售
5299,5294,134,5294 自动售货机零售 5299 其他未列明零售业 新增，原 5299 部分内容调到此
5296,5295,134,5295 旧货零售 5296 旧货零售
5297,5296,134,5296 生活用燃料零售 5297 生活用燃料零售
5299,5297,134,5297 宠物食品用品零售 5299 其他未列明零售业 新增，原 5299 部分内容调到此
5299,5299,134,5299 其他未列明零售业 5299 其他未列明零售业 内容变更，原 5299 部分内容调
5310,5311,134,5311 高速铁路旅客运输 5310 铁路旅客运输 新增，将原 5310 分解
5310,5312,134,5312 城际铁路旅客运输 5310 铁路旅客运输 新增，将原 5310 分解
5310,5313,134,5313 普通铁路旅客运输 5310 铁路旅客运输 新增，将原 5310 分解
5320,5320,134,5320 铁路货物运输 5320 铁路货物运输
5331,5331,134,5331 客运火车站 5331 客运火车站
5332,5332,134,5332 货运火车站（场） 5332 货运火车站 更名
5339,5333,134,5333 铁路运输维护活动 5339 其他铁路运输辅助活动 新增，原 5339 部分内容调到此
5339,5339,134,5339 其他铁路运输辅助活动 5339 其他铁路运输辅助活动 内容变更，原 5339 部分内容调
5411,5411,134,5411 公共电汽车客运 5411 公共电汽车客运
5412,5412,134,5412 城市轨道交通 5412 城市轨道交通
5413,5413,134,5413 出租车客运 5413 出租车客运
5419,5414,134,5414 公共自行车服务 5419 其他城市公共交通运输 新增，原 5419 部分内容调到此
5419,5419,134,5419 其他城市公共交通运输 5419 其他城市公共交通运输 内容变更，原 5419 部分内容调
5420,5421,135,5421 长途客运 5420 公路旅客运输 新增，将原 5420 分解
5420,5422,135,5422 旅游客运 5420 公路旅客运输 新增，将原 5420 分解
5420,5429,135,5429 其他公路客运 5420 公路旅客运输 新增，将原 5420 分解
5430,5431,135,5431 普通货物道路运输 5430 道路货物运输 新增，将原 5430 分解
5430,5432,135,5432 冷藏车道路运输 5430 道路货物运输 新增，将原 5430 分解
5430,5433,135,5433 集装箱道路运输 5430 道路货物运输 新增，将原 5430 分解
5430,5434,135,5434 大型货物道路运输 5430 道路货物运输 新增，将原 5430 分解
5430,5435,135,5435 危险货物道路运输 5430 道路货物运输 新增，将原 5430 分解
5430,5436,135,5436 邮件包裹道路运输 5430 道路货物运输 新增，将原 5430 分解
5430,5437,135,5437 城市配送 5430 道路货物运输 新增，将原 5430 分解
5430,5438,135,5438 搬家运输 5430 道路货物运输 新增，将原 5430 分解
5430,5439,135,5439 其他道路货物运输 5430 道路货物运输 新增，将原 5430 分解
5441,5441,135,5441 客运汽车站 5441 客运汽车站
5449,5442,135,5442 货运枢纽（站） 5449 其他道路运输辅助活动 新增，原 5449 部分内容调到此
5442,5443,135,5443 公路管理与养护 5442 公路管理与养护
5449,5449,135,5449 其他道路运输辅助活动 5449 其他道路运输辅助活动 内容变更，原 5449 部分内容调
5511,5511,135,5511 海上旅客运输 5511 海洋旅客运输 更名
5512,5512,135,5512 内河旅客运输 5512 内河旅客运输
5513,5513,135,5513 客运轮渡运输 5513 客运轮渡运输
5521,5521,135,5521 远洋货物运输 5521 远洋货物运输
5522,5522,135,5522 沿海货物运输 5522 沿海货物运输
5523,5523,135,5523 内河货物运输 5523 内河货物运输
5531,5531,135,5531 客运港口 5531 客运港口
5532,5532,135,5532 货运港口 5532 货运港口
5539,5539,135,5539 其他水上运输辅助活动 5539 其他水上运输辅助活动
5611,5611,136,5611 航空旅客运输 5611 航空旅客运输
5612,5612,136,5612 航空货物运输 5612 航空货物运输
5620,5621,136,5621 通用航空生产服务 5620 通用航空服务 新增，将原 5620 分解
5620,5622,136,5622 观光游览航空服务 5620 通用航空服务 新增，将原 5620 分解
5620,5623,136,5623 体育航空运动服务 5620 通用航空服务 新增，将原 5620 分解
5620,5629,136,5629 其他通用航空服务 5620 通用航空服务 新增，将原 5620 分解
5631,5631,136,5631 机场 5631 机场
5632,5632,136,5632 空中交通管理 5632 空中交通管理
5639,5639,136,5639 其他航空运输辅助活动 5639 其他航空运输辅助活动
5700,5710,136,5710 海底管道运输 5700 管道运输业 新增，将原 5700 分解
5700,5720,136,5720 陆地管道运输 5700 管道运输业 新增，将原 5700 分解
5829,5810,136,5810 多式联运 5829 其他运输代理业 新增，原 5829 部分内容调到此
5821,5821,136,5821 货物运输代理 5821 货物运输代理
5822,5822,136,5822 旅客票务代理 5822 旅客票务代理
5829,5829,136,5829 其他运输代理业 5829 其他运输代理业 内容变更，原 5829 部分内容调
5810,5910,136,5910 装卸搬运 5810 装卸搬运
5990,5920,136,5920 通用仓储 5990 其他仓储业 新增，原 5990 部分内容调到此
5990,5930,136,5930 低温仓储 5990 其他仓储业 新增，原 5990 部分内容调到此
5990,5941,136,5941 油气仓储 5990 其他仓储业 新增，原 5990 部分内容调到此
5990,5942,136,5942 危险化学品仓储 5990 其他仓储业 新增，原 5990 部分内容调到此
5990,5949,137,5949 其他危险品仓储 5990 其他仓储业 新增，原 5990 部分内容调到此
5911,5951,137,5951 谷物仓储 5911 谷物仓储
5912,5952,137,5952 棉花仓储 5912 棉花仓储
5919,5959,137,5959 其他农产品仓储 5919 其他农产品仓储
5990,5960,137,5960 中药材仓储 5990 其他仓储业 新增，原 5990 部分内容调到此
5990,5990,137,5990 其他仓储业 5990 其他仓储业 内容变更，原 5990 部分内容调
6010,6010,137,6010 邮政基本服务 6010 邮政基本服务
6020,6020,137,6020 快递服务 6020 快递服务 内容变更，原 6020 部分内容调
6020,6090,137,6090 其他寄递服务 6020 快递服务 新增，原 6020 部分内容调到此
6110,6110,137,6110 旅游饭店 6110 旅游饭店
6120,6121,137,6121 经济型连锁酒店 6120 一般旅馆 新增，将原 6120 分解
6120,6129,137,6129 其他一般旅馆 6120 一般旅馆 新增，将原 6120 分解
6190,6130,137,6130 民宿服务 6190 其他住宿业 新增，原 6190 部分内容调到此
6190,6140,137,6140 露营地服务 6190 其他住宿业 新增，原 6190 部分内容调到此
6190,6190,137,6190 其他住宿业 6190 其他住宿业 内容变更，原 6190 部分内容调
6210,6210,137,6210 正餐服务 6210 正餐服务
6220,6220,137,6220 快餐服务 6220 快餐服务
6231,6231,137,6231 茶馆服务 6231 茶馆服务
6232,6232,137,6232 咖啡馆服务 6232 咖啡馆服务
6233,6233,138,6233 酒吧服务 6233 酒吧服务
6239,6239,138,6239 其他饮料及冷饮服务 6239 其他饮料及冷饮服务
6292,6241,138,6241 餐饮配送服务 6292 餐饮配送服务
6299,6242,138,6242 外卖送餐服务 6299 其他未列明餐饮业 新增，原 6299 部分内容调到此
6291,6291,138,6291 小吃服务 6291 小吃服务
6299,6299,138,6299 其他未列明餐饮业 6299 其他未列明餐饮业 内容变更，原 6299 部分内容调
6311,6311,138,6311 固定电信服务 6311 固定电信服务
6312,6312,138,6312 移动电信服务 6312 移动电信服务
6319,6319,138,6319 其他电信服务 6319 其他电信服务
6321,6321,138,6321 有线广播电视传输服务 6321 有线广播电视传输服务
6322,6322,138,6322 无线广播电视传输服务 6322 无线广播电视传输服务
6330,6331,138,6331 广播电视卫星传输服务 6330 卫星传输服务 新增，将原 6330 分解
6330,6339,138,6339 其他卫星传输服务 6330 卫星传输服务 新增，将原 6330 分解
6410,6410,138,6410 互联网接入及相关服务 6410 互联网接入及相关服务
6420,6421,138,6421 互联网搜索服务 6420 互联网信息服务 新增，将原 6420 分解
6420,6422,138,6422 互联网游戏服务 6420 互联网信息服务 新增，将原 6420 分解
6420,6429,138,6429 互联网其他信息服务 6420 互联网信息服务 新增，将原 6420 分解
6540,6431,138,6431 互联网生产服务平台 6540 数据处理和存储服务 新增，原 6540 部分内容调到此
6540,6432,138,6432 互联网生活服务平台 6540 数据处理和存储服务 新增，原 6540 部分内容调到此
6540,6433,138,6433 互联网科技创新平台 6540 数据处理和存储服务 新增，原 6540 部分内容调到此
6540,6434,139,6434 互联网公共服务平台 6540 数据处理和存储服务 新增，原 6540 部分内容调到此
6540,6439,139,6439 其他互联网平台 6540 数据处理和存储服务 新增，原 6540 部分内容调到此
6540,6440,139,6440 互联网安全服务 6540 数据处理和存储服务 新增，原 6540 部分内容调到此
6540,6450,139,6450 互联网数据服务 6540 数据处理和存储服务 新增，原 6540 部分内容调到此
6490,6490,139,6490 其他互联网服务 6490 其他互联网服务
6510,6511,139,6511 基础软件开发 6510 软件开发 新增，将原 6510 分解
6510,6512,139,6512 支撑软件开发 6510 软件开发 新增，将原 6510 分解
6510,6513,139,6513 应用软件开发 6510 软件开发 新增，将原 6510 分解
6510,6519,139,6519 其他软件开发 6510 软件开发 新增，将原 6510 分解
6550,6520,139,6520 集成电路设计 6550 集成电路设计
6520,6531,139,6531 信息系统集成服务 6520 信息系统集成服务 新增，将原 6520 分解
6520,6532,139,6532 物联网技术服务 6520 信息系统集成服务 新增，将原 6520 分解
6520,6540,139,6540 运行维护服务 6520 信息系统集成服务 新增，将原 6520 分解
6540,6550,139,6550 信息处理和存储支持服务 6540 数据处理和存储服务 更名，内容变更，原 6540 部分
6530,6560,139,6560 信息技术咨询服务 6530 信息技术咨询服务
6591,6571,139,6571 地理遥感信息服务 6591 数字内容服务 新增，将原 6591 分解
6591,6572,139,6572 动漫、游戏数字内容服务 6591 数字内容服务 新增，将原 6591 分解
6591,6579,139,6579 其他数字内容服务 6591 数字内容服务 新增，将原 6591 分解
6592,6591,139,6591 呼叫中心 6592 呼叫中心
6599,6599,139,6599 其他未列明信息技术服务业 6599 其他未列明信息技术服务业
6610,6610,140,6610 中央银行服务 6610 中央银行服务
6620,6621,140,6621 商业银行服务 6620 货币银行服务 新增，将原 6620 分解
6620,6622,140,6622 政策性银行服务 6620 货币银行服务 新增，将原 6620 分解
6620,6623,140,6623 信用合作社服务 6620 货币银行服务 新增，将原 6620 分解
6620,6624,140,6624 农村资金互助社服务 6620 货币银行服务 新增，将原 6620 分解
6620,6629,140,6629 其他货币银行服务 6620 货币银行服务 新增，将原 6620 分解
6631,6631,140,6631 融资租赁服务 6631 金融租赁服务 更名
6632,6632,140,6632 财务公司服务 6632 财务公司 更名
6633,6633,140,6633 典当 6633 典当
6639,6634,140,6634 汽车金融公司服务 6639 其他非货币银行服务 新增，原 6639 部分内容调到此
6639,6635,140,6635 小额贷款公司服务 6639 其他非货币银行服务 新增，原 6639 部分内容调到此
6639,6636,140,6636 消费金融公司服务 6639 其他非货币银行服务 新增，原 6639 部分内容调到此
6639,6637,140,6637 网络借贷服务 6639 其他非货币银行服务 新增，原 6639 部分内容调到此
6639,6639,140,6639 其他非货币银行服务 6639 其他非货币银行服务 内容变更，原 6639 部分内容调
6620,6640,140,6640 银行理财服务 6620 货币银行服务 新增，原 6620 部分内容调到此
6640,6650,140,6650 银行监管服务 6640 银行监管服务
6711,6711,140,6711 证券市场管理服务 6711 证券市场管理服务
6712,6712,140,6712 证券经纪交易服务 6712 证券经纪交易服务
6713,6720,140,6720 公开募集证券投资基金 6713 基金管理服务 新增，将原 6713 分解
6713,6731,140,6731 创业投资基金 6713 基金管理服务 新增，将原 6713 分解
6713,6732,140,6732 天使投资 6713 基金管理服务 新增，将原 6713 分解
6713,6739,140,6739 其他非公开募集证券投资基 6713 基金管理服务 新增，将原 6713 分解
6721,6741,141,6741 期货市场管理服务 6721 期货市场管理服务
6729,6749,141,6749 其他期货市场服务 6729 其他期货市场服务
6730,6750,141,6750 证券期货监管服务 6730 证券期货监管服务
6740,6760,141,6760 资本投资服务 6740 资本投资服务
6790,6790,141,6790 其他资本市场服务 6790 其他资本市场服务
6811,6811,141,6811 人寿保险 6811 人寿保险 内容变更，原 6811 部分内容调
6811,6812,141,6812 年金保险 6811 人寿保险 新增，原 6811 部分内容调到此
6812,6813,141,6813 健康保险 6812 健康和意外保险 新增，将原 6812 分解
6812,6814,141,6814 意外伤害保险 6812 健康和意外保险 新增，将原 6812 分解
6820,6820,141,6820 财产保险 6820 财产保险
6830,6830,141,6830 再保险 6830 再保险
6840,6840,141,6840 商业养老金 6840 养老金 更名
6850,6851,141,6851 保险经纪服务 6850 保险中介服务 新增，将原 6850 分解
6850,6852,141,6852 保险代理服务 6850 保险中介服务 新增，将原 6850 分解
6891,6853,141,6853 保险公估服务 6891 风险和损失评估 新增，原 6891 归入此类
6899,6860,141,6860 保险资产管理 6899 其他未列明保险活动 新增，原 6899 部分内容调到此
6860,6870,141,6870 保险监管服务 6860 保险监管服务
6899,6890,141,6890 其他保险活动 6899 其他未列明保险活动 更名，内容变更，原 6899 部分
6910,6911,141,6911 信托公司 6910 金融信托与管理服务 新增，将原 6910 分解
6910,6919,141,6919 其他金融信托与管理服务 6910 金融信托与管理服务 新增，将原 6910 分解
6920,6920,141,6920 控股公司服务 6920 控股公司服务
6930,6930,141,6930 非金融机构支付服务 6930 非金融机构支付服务
6940,6940,141,6940 金融信息服务 6940 金融信息服务
6990,6950,141,6950 金融资产管理公司 6990 其他未列明金融业 新增，将原 6990 分解
6990,6991,142,6991 货币经纪公司服务 6990 其他未列明金融业 新增，将原 6990 分解
6990,6999,142,6999 其他未包括金融业 6990 其他未列明金融业 更名，将原 6990 部分内容调出，
7296,7296,142,7296 担保服务 原 7296 部分内容调到此类
7010,7010,142,7010 房地产开发经营 7010 房地产开发经营 内容变更，原 7010 部分内容调
7020,7020,142,7020 物业管理 7020 物业管理 内容变更，原 7020 部分内容调
7030,7030,142,7030 房地产中介服务 7030 房地产中介服务
7040,7040,142,7040 房地产租赁经营 7040 自有房地产经营活动 更名，内容变更，原 7040 部分
7090,7090,142,7090 其他房地产业 7090 其他房地产业 内容变更，原 7090 部分内容调
7111,7111,142,7111 汽车租赁 7111 汽车租赁
7112,7112,142,7112 农业机械经营租赁 7112 农业机械租赁 更名
7113,7113,142,7113 建筑工程机械与设备经营租 7113 建筑工程机械与设备租赁 更名
7114,7114,142,7114 计算机及通讯设备经营租赁 7114 计算机及通讯设备租赁 更名
7119,7115,142,7115 医疗设备经营租赁 7119 其他机械与设备租赁 新增，原 7119 部分内容调到此
7119,7119,142,7119 其他机械与设备经营租赁 7119 其他机械与设备租赁 更名，内容变更，原 7119 部分
7121,7121,142,7121 休闲娱乐用品设备出租 7121 娱乐及体育设备出租 新增，将原 7121 分解
7121,7122,142,7122 体育用品设备出租 7121 娱乐及体育设备出租 新增，将原 7121 分解
7129,7123,142,7123 文化用品设备出租 7129 其他文化及日用品出租 新增，原 7129 部分内容调到此
7122,7124,142,7124 图书出租 7122 图书出租
7123,7125,143,7125 音像制品出租 7123 音像制品出租
7129,7129,143,7129 其他文体设备和用品出租 7129 其他文化及日用品出租 更名，内容变更，原 7129 部分
7129,7130,143,7130 日用品出租 7129 其他文化及日用品出租 新增，原 7129 部分内容调到此
7211,7211,143,7211 企业总部管理 7211 企业总部管理
7212,7212,143,7212 投资与资产管理 7212 投资与资产管理 内容变更，原 7212 部分内容调
7212,7213,143,7213 资源与产权交易服务 7212 投资与资产管理 新增，原 7212 部分内容调到此
7213,7214,143,7214 单位后勤管理服务 7213 单位后勤管理服务
7219,7215,143,7215 农村集体经济组织管理 7219 其他企业管理服务 新增，原 7219 部分内容调到此
7219,7219,143,7219 其他组织管理服务 7219 其他企业管理服务 内容变更，原 7219 部分内容调
7219,7221,143,7221 园区管理服务 7219 其他企业管理服务 新增，原 7219 部分内容调到此
7020,7222,143,7222 商业综合体管理服务 7020 物业管理 新增，原 7020 部分内容调到此
7291,7223,143,7223 市场管理服务 7291 市场管理 更名
7219,7224,143,7224 供应链管理服务 7219 其他企业管理服务 新增，原 7219 部分内容调到此
7219,7229,143,7229 其他综合管理服务 7219 其他企业管理服务 新增，原 7219 部分内容调到此
7221,7231,143,7231 律师及相关法律服务 7221 律师及相关法律服务
7222,7232,143,7232 公证服务 7222 公证服务
7229,7239,143,7239 其他法律服务 7229 其他法律服务
7231,7241,143,7241 会计、审计及税务服务 7231 会计、审计及税务服务
7232,7242,143,7242 市场调查 7232 市场调查
7233,7243,144,7243 社会经济咨询 7233 社会经济咨询 内容变更，原 7233 部分内容调
7233,7244,144,7244 健康咨询 7233 社会经济咨询 新增，原 7233 部分内容调到此
7239,7245,144,7245 环保咨询 7239 其他专业咨询 新增，原 7239 部分内容调到此
7233,7246,144,7246 体育咨询 7233 社会经济咨询 新增，原 7233 部分内容调到此
7239,7249,144,7249 其他专业咨询与调查 7239 其他专业咨询 更名，内容变更，原 7239 部分
7240,7251,144,7251 互联网广告服务 7240 广告业 新增，原 7240 部分内容调到此
7240,7259,144,7259 其他广告服务 7240 广告业 新增，原 7240 归到此类，部分
7261,7261,144,7261 公共就业服务 7261 公共就业服务
7262,7262,144,7262 职业中介服务 7262 职业中介服务
7263,7263,144,7263 劳务派遣服务 7263 劳务派遣服务
7269,7264,144,7264 创业指导服务 7269 其他人力资源服务 新增，原 7269 部分内容调到此
7269,7269,144,7269 其他人力资源服务 7269 其他人力资源服务 内容变更，原 7269 部分内容调
7281,7271,144,7271 安全服务 7281 安全服务
7282,7272,144,7272 安全系统监控服务 7282 安全系统监控服务
7289,7279,144,7279 其他安全保护服务 7289 其他安全保护服务
7292,7281,144,7281 科技会展服务 7292 会议及展览服务 新增，将原 7292 分解
7292,7282,144,7282 旅游会展服务 7292 会议及展览服务 新增，将原 7292 分解
7292,7283,144,7283 体育会展服务 7292 会议及展览服务 新增，将原 7292 分解
7292,7284,144,7284 文化会展服务 7292 会议及展览服务 新增，将原 7292 分解
7289,7289,144,7289 其他会议、展览及相关服务 7289 会议及展览服务 新增，将原 7292 分解
7271,7291,145,7291 旅行社及相关服务 7271 旅行社服务 新增，原 7271、7272、7279 合
7293,7292,145,7292 包装服务 7293 包装服务
7294,7293,145,7293 办公服务 7294 办公服务 内容变更，原 7294 部分内容调
7294,7294,145,7294 翻译服务 7294 办公服务 新增，原 7294 部分内容调到此
7295,7295,145,7295 信用服务 7295 信用服务
7299,7297,145,7297 商务代理代办服务 7299 其他未列明商务服务业 新增，原 7299 部分内容调到此
7299,7298,145,7298 票务代理服务 7299 其他未列明商务服务业 新增，原 7299 部分内容调到此
7299,7299,145,7299 其他未列明商务服务业 7299 其他未列明商务服务业 内容变更，原 7299 部分内容调
7310,7310,145,7310 自然科学研究和试验发展 7310 自然科学研究和试验发展
7320,7320,145,7320 工程和技术研究和试验发展 7320 工程和技术研究和试验发展
7330,7330,145,7330 农业科学研究和试验发展 7330 农业科学研究和试验发展
7340,7340,145,7340 医学研究和试验发展 7340 医学研究和试验发展
7350,7350,145,7350 社会人文科学研究 7350 社会人文科学研究
7410,7410,145,7410 气象服务 7410 气象服务
7420,7420,145,7420 地震服务 7420 地震服务
7430,7431,145,7431 海洋气象服务 7430 海洋服务 新增，将原 7430 分解
7430,7432,145,7432 海洋环境服务 7430 海洋服务 新增，将原 7430 分解
7430,7439,145,7439 其他海洋服务 7430 海洋服务 新增，将原 7430 分解
7440,7441,145,7441 遥感测绘服务 7440 测绘服务 新增，将原 7440 分解
7440,7449,145,7449 其他测绘地理信息服务 7440 测绘服务 新增，将原 7440 分解
7450,7451,146,7451 检验检疫服务 7450 质检技术服务 新增，将原 7450 分解
7450,7452,146,7452 检测服务 7450 质检技术服务 新增，将原 7450 分解
7450,7453,146,7453 计量服务 7450 质检技术服务 新增，将原 7450 分解
7450,7454,146,7454 标准化服务 7450 质检技术服务 新增，将原 7450 分解
7450,7455,146,7455 认证认可服务 7450 质检技术服务 新增，将原 7450 分解
7450,7459,146,7459 其他质检技术服务 7450 质检技术服务 新增，将原 7450 分解
7461,7461,146,7461 环境保护监测 7461 环境保护监测
7462,7462,146,7462 生态资源监测 7462 生态监测 更名，内容变更，原 7462 部分
7462,7463,146,7463 野生动物疫源疫病防控监测 7462 生态监测 新增，原 7462 部分内容调到此
7471,7471,146,7471 能源矿产地质勘查 7471 能源矿产地质勘查
7472,7472,146,7472 固体矿产地质勘查 7472 固体矿产地质勘查
7473,7473,146,7473 水、二氧化碳等矿产地质勘查 7473 水、二氧化碳等矿产地质勘查
7474,7474,146,7474 基础地质勘查 7474 基础地质勘查
7475,7475,146,7475 地质勘查技术服务 7475 地质勘查技术服务
7481,7481,146,7481 工程管理服务 7481 工程管理服务 内容变更，原 7481 部分内容调
7481,7482,146,7482 工程监理服务 7481 工程管理服务 新增，原 7481 部分内容调到此
7482,7483,146,7483 工程勘察活动 7482 工程勘察设计 新增，将原 7482 分解
7482,7484,146,7484 工程设计活动 7482 工程勘察设计 新增，将原 7482 分解
7483,7485,146,7485 规划设计管理 7483 规划管理 更名，内容变更，原 7483 部分
7483,7486,146,7486 土地规划服务 7483 规划管理 新增，原 7483 部分内容调到此
7491,7491,146,7491 工业设计服务 7491 专业化设计服务 新增，原 7491 部分内容调到此
7491,7492,147,7492 专业设计服务 7491 专业化设计服务 更名，内容变更，原 7491 部分
7493,7493,147,7493 兽医服务 7493 兽医服务 内容变更，原 7493 部分内容调
7499,7499,147,7499 其他未列明专业技术服务业 7499 其他未列明专业技术服务业
7511,7511,147,7511 农林牧渔技术推广服务 7511 农业技术推广服务 更名
7512,7512,147,7512 生物技术推广服务 7512 生物技术推广服务
7513,7513,147,7513 新材料技术推广服务 7513 新材料技术推广服务
7514,7514,147,7514 节能技术推广服务 7514 节能技术推广服务
7519,7515,147,7515 新能源技术推广服务 7519 其他技术推广服务 新增，原 7519 部分内容调到此
7519,7516,147,7516 环保技术推广服务 7519 其他技术推广服务 新增，原 7519 部分内容调到此
7519,7517,147,7517 三维（3D)打印技术推广服务 7519 其他技术推广服务 新增，原 7519 部分内容调到此
7519,7519,147,7519 其他技术推广服务 7519 其他技术推广服务 内容变更，原 7519 部分内容调
7250,7520,147,7520 知识产权服务 7250 知识产权服务
7520,7530,147,7530 科技中介服务 7520 科技中介服务 内容变更，原 7520 部分内容调
7520,7540,147,7540 创业空间服务 7520 科技中介服务 新增，原 7520、7590 部分内容
7590,7590,147,7590 其他科技推广服务业 7590 其他科技推广和应用服务业 内容变更，原 7590 部分内容调
7610,7610,147,7610 防洪除涝设施管理 7610 防洪除涝设施管理
7620,7620,147,7620 水资源管理 7620 水资源管理
7630,7630,147,7630 天然水收集与分配 7630 天然水收集与分配
7640,7640,147,7640 水文服务 7640 水文服务
7690,7690,147,7690 其他水利管理业 7690 其他水利管理业
7711,7711,148,7711 自然生态系统保护管理 7711 自然保护区管理 新增，将原 7711 分解
7711,7712,148,7712 自然遗迹保护管理 7711 自然保护区管理 新增，将原 7711 分解
7712,7713,148,7713 野生动物保护 7712 野生动物保护 内容变更，原 7712 部分内容调
7713,7714,148,7714 野生植物保护 7713 野生植物保护 内容变更，原 7713 部分内容调
7712,7715,148,7715 动物园、水族馆管理服务 7712 野生动物保护 新增，原 7712 部分内容调到此
7713,7716,148,7716 植物园管理服务 7713 野生植物保护 新增，原 7713 部分内容调到此
7719,7719,148,7719 其他自然保护 7719 其他自然保护
7721,7721,148,7721 水污染治理 7721 水污染治理
7722,7722,148,7722 大气污染治理 7722 大气污染治理
7723,7723,148,7723 固体废物治理 7723 固体废物治理
7724,7724,148,7724 危险废物治理 7724 危险废物治理
7725,7725,148,7725 放射性废物治理 7725 放射性废物治理
7729,7726,148,7726 土壤污染治理与修复服务 7729 其他污染治理 新增，原 7729 部分内容调到此
7729,7727,148,7727 噪声与振动控制服务 7729 其他污染治理 新增，原 7729 部分内容调到此
7729,7729,148,7729 其他污染治理 7729 其他污染治理 内容变更，原 7729 部分内容调
7810,7810,148,7810 市政设施管理 7810 市政设施管理
7820,7820,148,7820 环境卫生管理 7820 环境卫生管理
7830,7830,148,7830 城乡市容管理 7830 城乡市容管理
7840,7840,148,7840 绿化管理 7840 绿化管理
7851,7850,148,7850 城市公园管理 7851 公园管理 更名
7852,7861,148,7861 名胜风景区管理 7852 游览景区管理 新增，将原 7852 分解
7852,7862,148,7862 森林公园管理 7852 游览景区管理 新增，将原 7852 分解
7852,7869,148,7869 其他游览景区管理 7852 游览景区管理 新增，将原 7852 分解
7090,7910,149,7910 土地整治服务 7090 其他房地产业 新增，原 7090 部分内容调到此
7090,7920,149,7920 土地调查评估服务 7090 其他房地产业 新增，原 7090 部分内容调到此
7090,7930,149,7930 土地登记服务 7090 其他房地产业 新增，原 7090 部分内容调到此
7090,7940,149,7940 土地登记代理服务 7090 其他房地产业 新增，原 7090 部分内容调到此
7090,7990,149,7990 其他土地管理服务 7090 其他房地产业 新增，原 7090 部分内容调到此
7910,8010,149,8010 家庭服务 7910 家庭服务
7920,8020,149,8020 托儿所服务 7920 托儿所服务
7930,8030,149,8030 洗染服务 7930 洗染服务
7940,8040,149,8040 理发及美容服务 7940 理发及美容服务
7950,8051,149,8051 洗浴服务 7950 洗浴服务
7960,8052,149,8052 足浴服务 7960 保健服务 新增，将原 7960 分解
7960,8053,149,8053 养生保健服务 7960 保健服务 新增，将原 7960 分解
7492,8060,149,8060 摄影扩印服务 7492 摄影扩印服务 调整，从原“74 专业技术服务
7970,8070,149,8070 婚姻服务 7970 婚姻服务
7980,8080,149,8080 殡葬服务 7980 殡葬服务
7990,8090,149,8090 其他居民服务业 7990 其他居民服务业
8011,8111,149,8111 汽车修理与维护 8011 汽车修理与维护 内容变更，原 8011 部分内容调
8011,8112,149,8112 大型车辆装备修理与维护 8011 汽车修理与维护 新增，原 8011 部分内容调到此
8012,8113,149,8113 摩托车修理与维护 8012 摩托车修理与维护
8099,8114,150,8114 助动车等修理与维护 8099 其他未列明日用产品修理业 新增，原 8099 部分内容调到此
8021,8121,150,8121 计算机和辅助设备修理 8021 计算机及辅助设备修理
8022,8122,150,8122 通讯设备修理 8022 通讯设备修理
8029,8129,150,8129 其他办公设备维修 8029 其他办公设备维修
8031,8131,150,8131 家用电子产品修理 8031 家用电子产品修理
8032,8132,150,8132 日用电器修理 8032 日用电器修理
8091,8191,150,8191 自行车修理 8091 自行车修理
8092,8192,150,8192 鞋和皮革修理 8092 鞋及皮革修理
8093,8193,150,8193 家具和相关物品修理 8093 家具及相关物品修理
8099,8199,150,8199 其他未列明日用产品修理业 8099 其他未列明日用产品修理业 内容变更，原 8099 部分内容调
8111,8211,150,8211 建筑物清洁服务 8111 建筑物清洁服务
8119,8219,150,8219 其他清洁服务 8119 其他清洁服务
0390,8221,150,8221 宠物饲养 0390 其他畜牧业 新增，原 0390 部分内容调到此
7493,8222,150,8222 宠物医院服务 7493 兽医服务 新增，原 7493 部分内容调到此
8190,8223,150,8223 宠物美容服务 8190 其他未列明服务业 新增，原 8190 部分内容调到此
8190,8224,150,8224 宠物寄托收养服务 8190 其他未列明服务业 新增，原 8190 部分内容调到此
8190,8229,150,8229 其他宠物服务 8190 其他未列明服务业 新增，原 8190 部分内容调到此
8190,8290,150,8290 其他未列明服务业 8190 其他未列明服务业 内容变更，原 8190 部分内容调
8210,8310,151,8310 学前教育 8210 学前教育
8221,8321,151,8321 普通小学教育 8221 普通小学教育
8222,8322,151,8322 成人小学教育 8222 成人小学教育
8231,8331,151,8331 普通初中教育 8231 普通初中教育
8232,8332,151,8332 职业初中教育 8232 职业初中教育
8233,8333,151,8333 成人初中教育 8233 成人初中教育
8234,8334,151,8334 普通高中教育 8234 普通高中教育
8235,8335,151,8335 成人高中教育 8235 成人高中教育
8236,8336,151,8336 中等职业学校教育 8236 中等职业学校教育
8241,8341,151,8341 普通高等教育 8241 普通高等教育
8242,8342,151,8342 成人高等教育 8242 成人高等教育
8250,8350,151,8350 特殊教育 8250 特殊教育
8291,8391,151,8391 职业技能培训 8291 职业技能培训
8292,8392,151,8392 体校及体育培训 8292 体校及体育培训
8293,8393,151,8393 文化艺术培训 8293 文化艺术培训
8294,8394,151,8394 教育辅助服务 8294 教育辅助服务
8299,8399,151,8399 其他未列明教育 8299 其他未列明教育
8311,8411,151,8411 综合医院 8311 综合医院
8312,8412,151,8412 中医医院 8312 中医医院
8313,8413,151,8413 中西医结合医院 8313 中西医结合医院
8314,8414,151,8414 民族医院 8314 民族医院
8315,8415,151,8415 专科医院 8315 专科医院
8316,8416,151,8416 疗养院 8316 疗养院
8321,8421,151,8421 社区卫生服务中心（站） 8321 社区卫生服务中心（站）
8322,8422,151,8422 街道卫生院 8322 街道卫生院
8323,8423,151,8423 乡镇卫生院 8323 乡镇卫生院
8330,8424,152,8424 村卫生室 8330 门诊部（所） 新增，原 8330 部分内容调到此
8330,8425,152,8425 门诊部（所） 8330 门诊部（所） 内容变更，原 8330 部分内容调
8370,8431,152,8431 疾病预防控制中心 8370 疾病预防控制中心
8360,8432,152,8432 专科疾病防治院（所、站) 8360 专科疾病防治院（所、站）
8350,8433,152,8433 妇幼保健院（所、站） 8350 妇幼保健院（所、站）
8390,8434,152,8434 急救中心（站）服务 8390 其他卫生活动 新增，将原 8390 分解
8390,8435,152,8435 采供血机构服务 8390 其他卫生活动 新增，将原 8390 分解
8340,8436,152,8436 计划生育技术服务活动 8340 计划生育技术服务活动
8390,8491,152,8491 健康体检服务 8390 其他卫生活动 新增，将原 8390 分解
8390,8492,152,8492 临床检验服务 8390 其他卫生活动 新增，将原 8390 分解
8390,8499,152,8499 其他未列明卫生服务 8390 其他卫生活动 新增，将原 8390 分解
8411,8511,152,8511 干部休养所 8411 干部休养所
8412,8512,152,8512 护理机构服务 8412 护理机构服务
8413,8513,152,8513 精神康复服务 8413 精神康复服务
8414,8514,152,8514 老年人、残疾人养护服务 8414 老年人、残疾人养护服务
8419,8515,152,8515 临终关怀服务 8419 其他提供住宿社会救助 新增，原 8419 部分内容调到此
8415,8516,152,8516 孤残儿童收养和庇护服务 8415 孤残儿童收养和庇护服务
8419,8519,152,8519 其他提供住宿社会救助 8419 其他提供住宿社会救助 内容变更，原 8419 部分内容调
8421,8521,152,8521 社会看护与帮助服务 8421 社会看护与帮助服务
8429,8522,152,8522 康复辅具适配服务 8429 其他不提供住宿社会工作 新增，原 8429 部分内容调到此
8429,8529,152,8529 其他不提供住宿社会工作 8429 其他不提供住宿社会工作 内容变更，原 8429 部分内容调
8510,8610,153,8610 新闻业 8510 新闻业
8521,8621,153,8621 图书出版 8521 图书出版
8522,8622,153,8622 报纸出版 8522 报纸出版
8523,8623,153,8623 期刊出版 8523 期刊出版
8524,8624,153,8624 音像制品出版 8524 音像制品出版
8525,8625,153,8625 电子出版物出版 8525 电子出版物出版
8529,8626,153,8626 数字出版 8529 其他出版业 新增，原 8529 部分内容调到此
8529,8629,153,8629 其他出版业 8529 其他出版业 内容变更，原 8529 部分内容调
8610,8710,153,8710 广播 8610 广播 内容变更，原 8610 部分内容调
8620,8720,153,8720 电视 8620 电视 内容变更，原 8620 部分内容调
8630,8730,153,8730 影视节目制作 8630 电影和影视节目制作 更名
8610,8740,153,8740 广播电视集成播控 8610 广播 新增，原 8610、8620 部分内容
8640,8750,153,8750 电影和广播电视节目发行 8640 电影和影视节目发行 更名
8650,8760,153,8760 电影放映 8650 电影放映
8660,8770,153,8770 录音制作 8660 录音制作
8710,8810,153,8810 文艺创作与表演 8710 文艺创作与表演
8720,8820,153,8820 艺术表演场馆 8720 艺术表演场馆
8731,8831,153,8831 图书馆 8731 图书馆
8732,8832,153,8832 档案馆 8732 档案馆
8740,8840,153,8840 文物及非物质文化遗产保护 8740 文物及非物质文化遗产保护
8750,8850,153,8850 博物馆 8750 博物馆
8760,8860,153,8860 烈士陵园、纪念馆 8760 烈士陵园、纪念馆
8770,8870,153,8870 群众文体活动 8770 群众文化活动 更名
8790,8890,153,8890 其他文化艺术业 8790 其他文化艺术业
8810,8911,154,8911 体育竞赛组织 8810 体育组织 新增，将原 8810 分解
8890,8912,154,8912 体育保障组织 8890 其他体育 新增，将原 8890 分解
8810,8919,154,8919 其他体育组织 8810 体育组织 新增，将原 8810 分解
8820,8921,154,8921 体育场馆管理 8820 体育场馆 新增，将原 8820 分解
8820,8929,154,8929 其他体育场地设施管理 8820 体育场馆 新增，将原 8820 分解
8830,8930,154,8930 健身休闲活动 8830 休闲健身活动 更名
8890,8991,154,8991 体育中介代理服务 8890 其他体育 新增，将原 8890 分解
8890,8992,154,8992 体育健康服务 8890 其他体育 新增，将原 8890 分解
8890,8999,154,8999 其他未列明体育 8890 其他体育 新增，将原 8890 分解
8911,9011,154,9011 歌舞厅娱乐活动 8911 歌舞厅娱乐活动
8912,9012,154,9012 电子游艺厅娱乐活动 8912 电子游艺厅娱乐活动
8913,9013,154,9013 网吧活动 8913 网吧活动
8919,9019,154,9019 其他室内娱乐活动 8919 其他室内娱乐活动
8920,9020,154,9020 游乐园 8920 游乐园
8990,9030,154,9030 休闲观光活动 8990 其他娱乐业 新增，原 8990 部分内容调到此
8930,9041,154,9041 体育彩票服务 8930 彩票活动 新增，将原 8930 分解
8930,9042,154,9042 福利彩票服务 8930 彩票活动 新增，将原 8930 分解
8930,9049,154,9049 其他彩票服务 8930 彩票活动 新增，将原 8930 分解
7299,9051,154,9051 文化活动服务 7299 其他未列明商务服务业 新增，原 7299 部分内容调到此
7299,9052,154,9052 体育表演服务 7299 其他未列明商务服务业 新增，原 7299 部分内容调到此
8941,9053,154,9053 文化娱乐经纪人 8941 文化娱乐经纪人
8942,9054,154,9054 体育经纪人 8942 体育经纪人
8949,9059,155,9059 其他文化艺术经纪代理 8949 其他文化艺术经纪代理 内容变更，原 8949 部分内容调
8990,9090,155,9090 其他娱乐业 8990 其他娱乐业 内容变更，原 8990 部分内容调
9000,9100,155,9100 中国共产党机关 9000 中国共产党机关
9110,9210,155,9210 国家权力机构 9110 国家权力机构
9121,9221,155,9221 综合事务管理机构 9121 综合事务管理机构
9122,9222,155,9222 对外事务管理机构 9122 对外事务管理机构
9123,9223,155,9223 公共安全管理机构 9123 公共安全管理机构
9124,9224,155,9224 社会事务管理机构 9124 社会事务管理机构
9125,9225,155,9225 经济事务管理机构 9125 经济事务管理机构
9126,9226,155,9226 行政监督检查机构 9126 行政监督检查机构
9131,9231,155,9231 人民法院 9131 人民法院
9132,9232,155,9232 人民检察院 9132 人民检察院
9190,9291,155,9291 消防管理机构 9190 其他国家机构 新增，将原 9190 分解
9190,9299,155,9299 其他未列明国家机构 9190 其他国家机构 新增，将原 9190 分解
9210,9310,155,9310 人民政协 9210 人民政协
9220,9320,155,9320 民主党派 9220 民主党派
9300,9411,155,9411 基本养老保险 9300 社会保障 新增，将原 9300 分解
9300,9412,155,9412 基本医疗保险 9300 社会保障 新增，将原 9300 分解
9300,9413,155,9413 失业保险 9300 社会保障 新增，将原 9300 分解
9300,9414,155,9414 工伤保险 9300 社会保障 新增，将原 9300 分解
9300,9415,155,9415 生育保险 9300 社会保障 新增，将原 9300 分解
9300,9419,155,9419 其他基本保险 9300 社会保障 新增，将原 9300 分解
9300,9420,155,9420 补充保险 9300 社会保障 新增，将原 9300 分解
9300,9490,156,9490 其他社会保障 9300 社会保障 新增，将原 9300 分解
9411,9511,156,9511 工会 9411 工会
9412,9512,156,9512 妇联 9412 妇联
9413,9513,156,9513 共青团 9413 共青团
9419,9519,156,9519 其他群众团体 9419 其他群众团体
9421,9521,156,9521 专业性团体 9421 专业性团体
9422,9522,156,9522 行业性团体 9422 行业性团体
9429,9529,156,9529 其他社会团体 9429 其他社会团体
9430,9530,156,9530 基金会 9430 基金会
9440,9541,156,9541 宗教团体服务 9440 宗教组织 新增，将原 9440 分解
9440,9542,156,9542 宗教活动场所服务 9440 宗教组织 新增，将原 9440 分解
9510,9610,156,9610 社区居民自治组织 9510 社区自治组织
9520,9620,156,9620 村民自治组织 9520 村民自治组织
9600,9700,156,9700 国际组织 9600 国际组织
